1,建議停止燒金紙，2021年了台灣空氣已經不很好病死人，廟方得帶頭幫幫忙。  
1,今天過去看櫻花，祇剩三顆櫻花還開著，  
1,老闆態度超差的！去買書感覺被污辱⋯⋯  
1,說實在的，它的存在會帶動地方繁榮嗎？   少少的人來這逛一逛，滿足了見解，然後呢？大同區被另類的觀點建設成了不古蹟類的假古地點，以它的地點發展成這樣，還不如建大樓跳樓價賣房，1坪15萬賣給需要房子的人，活絡人口，順便打房，讓利給人民還實在一點，（活著的人過好一點，古蹟，讓它去死吧） 生吃都不夠了，還想曬干  
1,開車前往，近郊的的旅遊景點，   在山上行駛，要知道，   低速檔，容易使汽車熄火，   這是很危險的，要學會   這件事情。  
1,不要來此地，從圓覺寺走下來就是垂直下，瀑㳍沒有廁所，回程一直上坡，不要來。蚊子很多。  
1,"非常不好,租過最貴的場地,這裡租一個禮拜   外面可以租一年了,還有一個胖女人,態度也很不好   所以以後不會再去了  "
1,椅子很舊，有的坐起來都歪歪的，整體會議廳環境也很舊。據說租場地費用很高，不知道被用到哪兒了？  
1,好好的兒童交通博物館   為何結束改為客家公園？   那麼多地方可以做公園   為何偏偏選上這裡？  
1,空氣品質良好，空曠野外綠地，湖水清淨是個散步的好地方。  
1,被騷擾的很嚴重，又超級不準的  
1,開藝術人文的課   心態卻如此狹隘歧視   這種壓迫同志的機構我是不會再去上課了  
1,食物真的是難吃到...   雞肉沒有基本的肉質 很散 沒口感   整個調味不對勁 一上菜聞味道就知道了   根本難吃到吃不完   這樣290 給各位參考  
1,"服務人員態度極差，說話語氣帶有挑釁的體驗感受，這句""呵 什麼不可能！""，一直推脫問題，請您好好回答就好了，沒必要這樣，就不能好好溝通嗎？這次體驗十分不悅！  "
1,紅樓一個黃色頭髮很高的男生，騷擾我們女生，我們坐在紅樓前的機車上（最後確定不是他的，他跑過來直接罵說坐什麼坐起來啦，現在是怎樣，然後我們起來，他還跟著我們一直跟著我們騷擾我們女生，然後還一直擋住我們去路，不讓我們走，後面一直跟著我們我們都沒理他，他一路一直罵一直罵，吵架啊來啊什麼的，我覺得紅樓的人素質真的很差，而且因為他跟的太誇張我們走去哪他一直擋住我們去路，最後我們說去警察局，他又不去原地一直罵一直擋我們還想作勢打我們，我覺得看要不要去警察局再處理一件事情，不然以後一定會有女生在被紅樓的這位先生騷擾。太變態了  
1,總統的權力來自人民。如果人民可以賦予你權力，也就有能力收回去。除非你故意要讓全民過勞、連投票的力氣都沒有，那就呵呵去你的。  
1,停車場會摩擦地盤，設計不良，新車應該會抓狂。   冷氣冷到讓人頭痛，椅子上裝在臨時的階梯上，人一有動作就會發出聲音干擾表演，或許是想要有可移動式的空間，但覺得應該要在調整過。   看表演時觀眾需要經過一個轉換的心境過程才能進入表演者的情景，這裡完全沒有提供，好像就從門口踏進表演空間，赤裸裸的還停留在停車時的混亂就要看表演了。   建築物看似很大，但是表演場地卻很小。廁所在二樓，很不方便，走上去的樓梯像是工業用，如果一樓空間不夠要把廁所設在2樓，那樓梯應該是展示的一部分吧，但是連個燈都沒有，是用防火指示燈做為照明。表演時只有表演單位的人員，看不到展演廳的人員。感覺就像是大學時禮堂的狀況。   唯一好處是停車不用錢。          停車場會摩擦地盤，設計不良，新車應該會抓狂。   冷氣冷到讓人頭痛，椅子上裝在臨時的階梯上，人一有動作就會發出聲音幹擾表演，或許是想要有可移動式的空間，但覺得應該要在調整過。   看表演時觀眾需要經過一個轉換的心境過程才能進入表演者的情景，這裡完全沒有提供，好像就從門口踏進表演空間，赤裸裸的還停留在停車時的混亂就要看表演了。   建築物看似很大，但是表演場地卻很小。廁所在二樓，很不方便，走上去的樓梯像是工業用，如果一樓空間不夠要把廁所設在2樓，那樓梯應該是展示的一部分吧，但是連個燈都沒有，是用防火指示燈做為照明。表演時只有表演單位的人員，看不到展演廳的人員。感覺就像是大學時禮堂的狀況。   唯一好處是停車不用錢。  
1,用玻璃圍得緊緊的，卻不把玻璃擦乾淨  
1,每天營業的卡拉OK，吵死人，市府水力處互丟皮球，無做為不管理，爛死了  
1,交通方便又可以健身的大眾路線是初級走山好去處必備物品一水帽子雨傘或雨衣穿舒適登山鞋或雨鞋乾糧手機+上衣…  
1,一進去就蜂的聲音很大聲就不敢爬了  
1,某館員真是華啊，一段令人發笑的對話   華：因為台灣受日本統治，所以日本才一蹶不振?你看看日本剩下什麼?   A：很多啊，動畫產業   (光和服、建築、歷史背景、國力、經濟、社區、環境樣樣都說不完比KMT統治下的台灣好太多太多，)   華：你知道今年日本倒了多少家動畫公司嗎？   (倒了又如何？我們連能倒的動畫公司的都沒有啊哈哈哈，就算有好了，也請你舉出KMT統治下的動畫公司倒了幾家啊哈哈哈)   A：不知道   華：像七大罪的公司就倒了   (倒了再多家也比KMT統治的台灣多好幾倍的動畫產值，即使動畫產值減少，至少人家有動畫可以產出經濟和文化輸出，KMT有什麼動畫能拿出來跟日本比?也請你舉例一下啊哈哈哈)   A：要做第二季了啊   華：......  
1,溜滑梯品質一開始就爛到不行。  
1,水很深很深的一個地方   沒啥觀念的少在這消費  
1,不怎麼樣！   文青，就是另一種向大眾要錢的方式，變相是商業模式。  
1,數十年如一日 滿街的娃娃機店 不會想去了  
1,"假日去,沒有參拜指引,有一群人坐在廟門二側,好像廟是他們家開的。好像要買金紙才能拜,觀感非常不好。和地藏法會期間的盛況天差地別。  "
1,每次只有活動或是展覽，周邊的商家才會有生意的地方...          每次只有活動或是展覽，週邊的商家才會有生意的地方...  
1,人多路小 沒停車位 儘管是美不勝收 但是環境規劃實在欠缺  
1,某些店家在網路上po商品，去到實體店面根本沒貨，有被騙的感覺  
1,拍照也要接受盤問，是能有什麼事！還是站外面也有事！保全是什麼執法人員？！共產黨嗎！  
1,鄉愿老公：拆廁所？！太可笑了吧？          鄉願老公：拆廁所​​？ ！太可笑了吧？  
1,地板太滑害我滑倒手還破皮流血  
1,服務態度不佳、預約時問了一堆個資，結果竟沒排進去，害我們空等...%&¥¢~>_<*...  
1,週邊一大堆遊民 不好好管管丟盡台灣人的臉  
1,曾任行政院長之孫運璿先生，在蔣經國總統時代為國家經濟有重大貢獻，在他的故居瞻仰，也為現今的台灣祝祈！  
1,一堆蟑螂跑來跑去 老闆也不覺得奇怪   就很幫客人裝完餐之後就離開了 其實整體看起來沒有什麼太多的規劃  
1,  不，不要去這裡。   只有令人失望的食物，飲料，不知道如何表現的當地人，以及許多允許進食和準備食物的動物。   ***食物和飲料準備區域的狗是錯誤的***      
1,老舊簡陋，尤其是廁所，令人難受  
1,空中鳥瞰關渡紅樹林的歷史  
1,綠蔭很少，會曬到頭暈，   寶可夢GO補給站也不密集，   但是有VIP道館。  
1,廟前的小吃區超髒 夏天會熱到中暑 特別不要帶外國人前往 否則會留下陰影  
1,  這個小公園仍然關閉，孩子們不能玩，但歡迎 70 歲以上的人出去玩。      
1,2020.05.21 來訪，湖面上有幾隻魚的屍體，且有腐臭味傳出，希望下次來時相關單位已經改善  
1,很慢接電話態度也不是很好，說幫我轉電話還忘記轉等了三十幾秒才轉，很傻眼  
1,他們很是厲害，只理潛在顧客，對我們不屑一顧。  
1,很多路都不通，也不維修，只是圍起來不讓進而已  
1,超級不推薦 算命 小孔明 本來老闆娘說幫我看命盤 結果等了快半小時 變成老闆來看 然後在算了快半小時 沒講到什麼重點 只會嗯嗯啊啊的 感覺騙錢騙很大 還要2000元 = =  
1,古老三合院   看看就好   附近狗狗很多  
1,"劍潭古寺位於大直區北安路804巷6號,是個古樸的寺廟建築,廟前廣場寬廣,左邊柵欄小步道進入是墓園休閑區,平常是關閉的,作者昨天下午去參訪時是打開的,就跟隨著3人進入觀察究竟,有幾座納涼石頭椅,舒適涼快。隨即爬上台階- 劍潭蝴蝶園區前進,一路生態綠野蝴蝶群飛舞隨行,好棒棒!爬到山頂生態區,成群結隊蝴蝶和蜜蜂隨行很莊觀,偶爾停留在花卉上飛來飛去,身為攝影人立即捕捉美妙的身影,收穫滿滿,作品連連,再往上走上陽亭,遙望美麗華摩天輪,近在眼簾很清楚,回程往大自然生態園區步道,又見生態池裡資源豐富多彩,活潑跳跳而生動,展現出充沛的生命力,下山底了,約下午5點結束行程。  "
1,這間老闆娘超級無敵惡劣的店家，我在這個攤販旁的地瓜球攤販買地瓜球，等待期間因油溫高，稍微晚旁邊站了一下，結果老闆娘就問説妳有要買嗎？我説沒有，她就説那妳往旁邊站，做出很不耐煩的手勢讓我往旁邊去，還説我擋到她的招牌了，靠…大馬路上什麼時候變成她的家…很機車…請問這個可以報警？（我尊重用自己勞力付出賺錢的人，但不待我可以對這種事情一笑置之…）  
1,"台北市東區 公車就可以到達的登山步道全程走完約一個半小時, 步道規劃維護的很好  "
1,解籤人員不知道在沒耐心什麼？ 感覺就像不專業的  
1,很無言，網路查資料寫8：00開門，8:15分到 門口寫9：00才開放，不值得到訪  
1,服務：跟服務人員說要借一步討論，但服務員依舊在旁邊聽我們討論，很沒有隱私感，然後服務人員在討論的過程中插話推薦點什麼點什麼，有點沒有禮貌   服務人員一直要我們點整瓶紅酒，但我有告知說身體不方便，但還是一直推紅酒，覺得說有點不尊重客人，沒有把客人的身體當回事   價格：雞翅三隻180$感到非常的驚訝，現在雞翅都這麼貴了嗎   將入餐廳強迫低消450$，只聽音樂會400$的話，照常要低消，花了快一千，但感覺CP值不高，餐廳沒有到很好吃，份量很少，然後服務人員態度沒有很好  
1,  人太多了……有聲書的解釋太冗長了。   有很多地方不存在，因為導遊的人都在外面露營，所以很難看到受歡迎的作品。   在一樓櫃檯打車，我寫下來確認是台北市站，但司機帶我到總站……出租車司機好像不會看谷歌地圖。      
1,  ala我想問嗎？   我有一個回教堂，我想去清真寺，但我不知道它在哪裡，我的房子在宜蘭很遠，我可以把它轉移給infaq嗎？ k      
1,雖然展覽很好但是志工勸導態度非常差！  
1,破舊，沒有妥善保養，看起來沒人重視，文化局在幹嘛？  
1,鄰近市場雖然很方便 但是周遭攤販佔據人行道擺攤 人行道上很多抽菸的人 還有喝酒的  
1,對集乳媽媽不友善的環境。園區只有哺集乳室，未提供冰箱保存母乳，但不是哺乳期的媽媽去華山都一定帶著小孩當場餵，特別是因臨時性工作在園區待上數小時，無冰箱真的很不方便。   此次才知，同個園區是分三個場管單位，一般遊客服務是台灣文創公司負責，而華山小客廳與光點華山電影館是否有哺乳室與冰箱，需自行詢問，台灣文創不清楚。整個橫向連結很差，非常方便。  
1,2022.6.19 約17:00      在靠捷運站內的政治／歷史區，向一名髮色淺棕色、如男性短髮的女店員詢問書籍，收到的回應態度極差像是被訓話，且她表示這本書不是她負責的區域，然後直接被趕走，顧客體驗極差。  
1,停車超不方便！明明就有車子出來也無法排隊進場...拼命趕人離開...  
1,就是以前灌溉水溝沒什麼特色。  
1,好天氣到碧山嚴走走拜拜。  
1,對歷史的解說與評價僅有一面之詞，完全被當作政治工具使用  
1,50塊沒什麼東西可逛，購票前急著收門票，後來發現自己符合優惠資格以後他也不會退錢。經營的普普通通，陳設也不太像林語堂以前原居  
1,某些店家在網路上po商品，去到實體店面根本沒貨，有被騙的感覺  
1,這些公務員好大的官威，混吃等死。  
1,明明官網公告取票時間是到19:00，我朋友18:30過去被告知電腦已經關了，雖然最後中心人員有重開電腦也順利取走票，但那個感受很差，原來值晚班的人員這麼爽，六點半就在等下班了，真是令人佩服~  
1,"它是地標,多數人知道它是國父記念館,而不清楚它實稱為『逸仙公園』。   晨早即有運動人群在此聚集,而後老者前來聊天,再而後遊客、觀賞參展人士。   園內樹木花卉、噴水池、厠所、停車場,大致評語不差。  "
1,美術館這側外面到處施工，繞了好久最後從美術館停車場進去才找到路  
1,火車站地下月台，需要戴口罩，但卻不開空調，完全就是悶熱  
1,兒童樂園的密室逃脫真的超爛   16:00的局跟我說15:20過來等   然後等到不耐煩去問好幾次都叫我們等   換一個長髮女員工才告訴我們我們應該是16:00前面的員工報錯時間   白白浪費我40分鐘浪費時間   坐在這裡等40分鐘 員工態度還有夠差 真的不是不想體諒是真的很爛==  
1,  除了這個夜市主要有按摩店外……這似乎是當地人的住所（遊客很少，像幾個人一樣）。但是，從西門町到花溪，從這個夜市到我逛街實際上讓我很不舒服。我在那裡散步時被一個男人（我是女人）纏擾著。他在跟著我，我可以說出來，因為我做了假的轉身去了一家商店。在去夜市的途中，我凝視了很多東西，感覺非常不舒服。最後我告訴了我的台灣朋友，她說這個地區妓女很多，很不安全...所以對於我的獨行旅客和女士們- 請小心來到這裡。我會推薦其他夜市。      
1,根本只是交差應付罷了 這樣叫文創  
1,要不要也成立一個外省人博物館  
1,蛋糕不新鮮、服務生ㄎㄧㄤ。蛋糕乾的要死根本就是放很多天，服務生桌上的杯盤都不收，一進去都空桌空盤，服務生卻慢條斯理在櫃檯不知幹嘛，點飲料等了20分才送，店內人也不多，不知道整家店在幹嘛⋯⋯  
1,今天帶孩子過去，工作人員一直說有其他人要來而趕我們離開，活動不到一個小時就結束，導覽的非常倉促，感覺什麼都沒有學習到，送的贈品品質很差，對孩子沒什麼耐心，近期帶孩子參觀的親子場所這裡最糟糕，非常不推薦~  
1,滅香的後果，暑假旺季竟然空蕩蕩的，行天宮北投分宮已經變成行天教會了，很快就會改奉耶穌了，謝謝你齁新任行天宮董事，喝洋墨水喝到腦殘了嗎？很多人在問呦～  
1,有趣的地方，有一些體驗可以看和玩   但是空間不大還要花錢，推車被移動後包包離開原位差點找不到，櫃臺感覺一問三不知，很不專業  
1,國際的定義是什麼? 村的定義是什麼?  
1,這裡是執行野狗放餋傷人的地方，有群聚的野狗會傷人、吃野雁，全因台灣狗保強迫非餋狗人接受不安樂死放餋政策  
1,出入口多，但疫情有些出口還是沒管制  
1,春天有不少櫻花很不錯。最近看別人的評論說有紅花石蒜，可是今天特意去看時，卻沒看到，只剩下一區好幾盆的金花石蒜而已。  
1,有越來越好的感覺，但建築本身就是敗筆  
1,音樂每天幾乎都一樣.... 可以換好聽一點的嗎  
1,錢穆說孫臏和孫子同一個人 結果被挖出的古墓打臉 武功實在有夠差的 靠著胡適推薦和拍蔣介石馬屁成名 所謂外省來最厲害 最有名不過這程度 難怪這幫人會被趕出中國 剛好而已      無功無德 佔用台灣民脂民膏 蠻可惡的看板  
1,在愛國西路上有兩座古城門，一座在與延平南路的交叉口，叫小南門，一座在與公園路的交叉口，是南門，名稱為麗正門，很奇怪，坐車經過常只注意到小南門，而忽略了南門，兩者不仔細看，也以為一模一樣，其實不一樣，南門據說大些，而且是尖頂，仔細看看照片，比較一下，才知道。  
1,懇請不要凌晨敲鐘，小孩常常被鐘敲醒久久無法入眠，可否改在白天敲鐘，拜託不要凌晨敲鐘！拜託不要凌晨敲鐘！拜託不要凌晨敲鐘！  
1,"高中我唸建中,在此我晃盪了3年,也埋入我不少懷念記憶。   日據時代南門町三二三,面積很廣,大致是小南門至南門區域,有不少官員住於此地(日式宿舍)…。      而目前只侷限於植物園夲身,園區內前有中央圖書館、科學館、歷史博物館、廣播電台、荷花池、欽差行臺、植物研究培植園區…。      散步、健身運動、增廣知識,欣賞美景…。   這裡,是很棒的選擇處。  "
1,連假4天，這裡是個好散心的地方！不過想不到~~河濱公園裡面停車竟然要收費！台北市內道路都休4天不收費！~  
1,經過都會多少聞到一股淡淡的臭味，店家經常性的使用騎樓以及公共人行道作為倉庫以及展示區來營業，行人的空間受到相當程度的侵害。  
1,捷運便捷，休閒爬山好去處   文物歷史值得一看  
1,一點都不夢幻，就是一個一般的小湖，雜草很多，別被名稱騙了，沿路的風景好看很多  
1,很可惜，好的環境，但有人在吸煙而且坐很長時間。  
1,標示指引不清，貓空纜車站方向過去會經過內有惡犬的民宅，前天（7/30日）經過時被咬傷  
1,門票60   停車一個小時40   比一般的公園爛   錢都花到主建築   根本看不到什麼  
1,很悶熱，只有抓週那一間有冷氣，不適合夏天去  
1,場地很小，旁邊是工地，卡車進出影響遊興。（2019/12/9）  
2,  牛奶英語大師r-v-v-v-v-v-tr-rr-r-r-vr-n-r-v-tr，但我正在尋找車站前- t日元車站前在車站前4在車站前在車站前4是一張好照片m m n r 4 r引擎a g g g gb gd g df d m   mcmfmf   我可以做到pf mp mp tfmfmfpmmfp fpmf      
2,地方小人多，有小孩沒大人看，拿水槍亂噴人  
2,痾不知是我找錯路還是沒規劃，一路上超崎嶇的道路，然後看似路口的地方我就被狗叫聲嚇跑了!希望可以規劃整理一下，紓解一下象山的人潮，然後不要再說什麼要把松機變公園的鬼話了@@  
2,各種寶石幾乎都有攤在賣，只是開天價的攤販居多，連談價都不知如何下手!!  
2,水池裡面都快要沒水了。公園 管理處 是否 可以想辦法整理水池。裡面的生物好可憐水都是髒的  
2,"廟是古蹟,可是外面的鉄皮違建屋醜陋不堪,廟裡和其他廟一樣,角落一定堆掃把拖把雜物,另一角還有鷹架,先淨物手槽下也雜物一堆,誰敢帶外國朋友去？  "
2,人潮壅擠   找不到車位   太耗費時間了  
2,跟以前差很多，現在好像廢墟  
2,人造地景 假的一批 不值 騙人來的  
2,小時候的記憶   情人廟   #冷冷凊清  
2,繼續開放免費的會影響到立委女兒餐廳的生意。   窮B 們花個1、2千吃飯看個風景吧！  
2,今天買了十斤梅子，半包是爛的  
2,散場人流管控與動線設計不佳  
2,很棒的景點風景很棒環境舒適，之所以給兩顆星是因為美好浪漫的夜晚、夜景，被晚上設演唱台唱卡拉OK的阿伯大媽們毀了....  
2,幾乎都是童裝爲主，而且都是批發比較多，所以看不到有游客，卻依然能維持開店的開銷。          幾乎都是童裝爲主，而且都是批發比較多，所以看不到有遊客，卻依然能維持開店的開銷。  
2,可惜剩下渣渣   真的只有遺跡  
2,不仿逛逛，日式風格。          不彷逛逛，日式風格。  
2,互動教育少，一堆看板照相，和一堆影片打發  
2,"很難想像這是""台北市“的棒球場，只比嘉義球場好了個大螢幕的電子計分板。  "
2,一年座13次火車 沒有一次會準時  
2,違建太多 到處都是鐵皮屋  
2,應該還沒有規劃完成吧 完全不知道瓶蓋怎麼製作 只有文創的場地。  
2,要注意店家營業時間 但似乎都沒有開很晚  
2,從捷運芝山站過來看似很近，但要過馬路要等2-3個很久的紅綠燈，所以要預留5-8分鐘給等紅綠燈，雖然算新，但座位設備一般，座位沒有高低差會被前方擋住，一般不會想來這看演出。  
2,"注意!蟲，掉落在身上會很癢(在後脖子爬，我因用手撥開，沒看到，醫生說疑似隱翅蟲,要立刻用水清洗，千萬不可打死，因它身體內毒腋很多會大面積潰瘍且會擴散，要用吹氣或抖動使其掉落，第4天了還在癢)。  "
2,風景美   氣氛佳   但有人在大聲講電話  
2,老人家要去洗手間要走上拱橋樓梯不方便  
2,嗅到很大的琉璜味；由於位置在山上風很大舒服涼快！  
2,维护不好，摇摇欲坠          維護不好，搖搖欲墜  
2,目前一小段步道坍方。而就台北市其他的親山步道來比較， 此處多階梯，坡度陡，路面較不平整。串接的下菁礐步道還較為好走。  
2,亂!看不出任何深入點文化面的介紹  
2,大稻程，古早的港口，商品交易中心，新思維、文化交流場所，時代變化下的遺產，有時間練身體，顧健康，就來此，找巷弄逛逛，早一步，回味從前，晚一步，消失時代中⋯  
2,除了部份原民文物收藏展出外，其實內容貧乏，看不出收費150元的價值在那！或許只適合對原民毫無認知的人看看。  
2,店面應該有一半以上沒開在招租，但排隊店照排。  
2,我要努力把評分拉低一點，這樣才不會讓太多人來  
2,保留日據時官舍（徐州路就有前市長官邸）…有些人認為就以保留建築做些文創或傳統台灣+台北美食傳承空間…但稱其為台灣文學基地？?典故又是什麼呢？？台灣日式建築保留太多了吧？?台灣文化是只有日據皇民文化嗎？？？  
2,非常乾淨的老建築，可惜創意市集都沒了，因為疫情吧  
2,不推薦在尖峰、連假時段來用餐   不然只會在這邊等一小時吃不到飯  
2,館內廁所標示不清及未告知齊全資訊。進館參觀時發現入口處洗手間擠滿了團體觀光客，光是上個洗手間就要排隊許久。因小朋友不耐等候，於是問了清掃阿姨才知道他處也有洗手間可供使用。導覽人員在這部分是否應該加強！？而不是讓所有人都擠在一樓的洗手間⋯告知其他幾處也有洗手間可供使用。讓去觀內參觀的遊客別一窩蜂的以為只有一處洗手間。  
2,三張犁墳墓地改建的公園  
2,本來就不大了外面還有市集…攤位圍著車站是要怎麼拍照？  
2,遠看過去好像不錯 有貨櫃酒吧 但實際入場發現設備陽春 重點廁所衛生真的不ok 很噁心   如果要發展起來 基本設施真的要改善很多   不然不會再去  
2,很久沒來了 今天再次造訪有點失望 大片的綠草地被太陽能板佔據  
2,繞一圈，腳被叮得狠慘，很慘。 若可以，我會上傳我的腳。  
2,校方對於身障停車位經常糟佔用，確長期忽視，也無取締辦法，管理鬆懈所以經常遭到佔用。   最近進入發現身障車位佔用情況已經改善了，不像以前在幾乎常常都被佔用成常態了，不過看到一個現像，就是幾乎所有人在校園內走動都戴著口罩，唯有進來的廠商有看到沒有戴上口罩的，還有一位留著鬍子的應該是外籍學生，邊聊天邊走都沒有戴上口罩。戴上口罩似乎很難遵守規則。  
2,"出入動線還不錯!服務人員大多數很盡責,售票人員也很親切。但常見到遊民睡在站門旁。或坐在站內旅客等候區,還有睡在機車停車區出入樓梯,感到不舒服。  "
2,唉..可以學一下新店碧潭嗎  
2,靠勢高傲溝通封閉古板過時百般刁難的教堂本堂強勢熱心教友慣用語言霸凌嘲笑踐踏其他人的自尊，這已經牽涉到法律公然侮辱毀謗的行為，卻洋洋得意欠反省反增偏見操控曲解言論毫不覺得讓別人身心靈受傷的煉獄的‘’天堂‘’。  
2,道路不夠寬，有些地方會車得單向，來的不時候，茶葉示範廠整修中。  
2,"幾乎都是階梯，對膝蓋有害,而且階梯踏面大小不一，很危險。感覺這個不長常維護，植物長得太茂密，無法呼吸！  "
2,跑道學生訓練與民眾共用會有危險。  
2,没有飛機劃過頭頂的震撼感  
2,就是觀光夜市 沒什麼特別的   蠻擠的 很多吃的沒標記價格  
2,學生可以一人佔30個位子，面紙一小張也可以佔位子，不讓外來人有任何機會。老師很好，助教很好。覺得老師在這裏，除了高薪之外，應該會受很多學生的氣。  
2,展覽區域不大，能展示的東西太少  
2,※整體環境、設計風格顯著且舒適。在消費上就是要你多花不少錢～      ※會計人員頗兩光，上過的課程金額算錯（少算）而且還是隔了好幾天才跟我聯繫說算錯還把多給的點數扣回= =      ※某次因工作需要了解看展，（同事一直主動聯繫對方）負責的公關員回覆跟聯繫可以拖到兩個星期後才以模糊的理由婉拒，在這之前陪同是去看展時發票是給工讀生開的，這不打緊但還可以開錯兩次讓同事多跑幾趟（雖然離公司不遠但觀感很差）（另外也是有熱心的工作人員）      ※以前去聽日本的字體設計師的講座，翻譯人員講到後來直接請台下的設計師書籍翻譯來幫他翻譯，用心程度令人汗顏。（功課沒有做足）      ※課程部分價格高，且不會事先特別說明課程內容或是適合什麼樣的人去上課（網頁只會說的很大概，但想知道更進階的細項無從諮詢，服務人員無法完全了解，甚至有些是工讀生）      餐廳部分價格過高，強調有機跟當地特殊食材，調理普通整體想要營造精緻的感覺，如果只是想要去吃氣氛、想要有大一點的座位空間可以去吃～  
2,  過去，薰衣草和波斯菊遍布公園後方，但現在卻是一片荒原。對不起   前景中的公園很美      
2,  曾經真的很喜歡這個地方。現在感覺雜亂無章，時尚過時。變得更貴了。      
2,人山人海的，一個排骨便當220元貴鬆鬆，走去北車買就好了  
2,花季公車搭乘地點有變卻沒在公車亭寫害人白等  
2,售票口超級難找，來了好幾次都要多繞好幾圈，本來以為是我路癡結果問了朋友發現大家也覺得很難找。   會員購票50元，報電話就可以了，售票櫃員有待加強不知道是吃了什麼SOP硬要叫人掃前方QRcode 說掃了有看到會員就是會員，但是大小姐啊沒cookies沒記住的話進入就是註冊頁面，我甚至還沒登入當然吃不到資料啊。   再做一堆好想很漂亮的東西之前先把基本的流程先搞定了好嗎？整個signage design亂無章法，不是掛著設計名號就覺得自己好棒好嗎  
2,來看江雲之間4/4週日下午場次，   非常感謝取票的服務台小姐親切熱心提供協助。      但門口量體溫的人員面無表情+指令給得一板一眼（讓人感覺像犯人...），真心建議請語帶柔和、面帶微笑。      看完了離場後才想到忘了拿午餐，折返時在入口處只是禮貌詢問，但灰色制服的兩位小姐的態度頗讓人有「禁止硬闖」之感。之後有另一位服務人員帶著我的午餐走出來，還對我皺眉頭  
2,它是三級古蹟，但是它是私人民宅，不能隨意進入參觀，只能在外面觀賞拍照。  
2,  文昌寺是有孩子在校讀書的父母前來祈求好運的熱門場所。      
2,  翡翠是外國人難以理解的寶石。   好與壞..我不知道為什麼它必須很貴。   注意   中國雲南省麗江是一個盛產玉石的地方。   住在那裡會怎樣？      
2,  雞尾酒並沒有給我留下深刻的印象（杜松子酒和湯力，配以超大酒杯中的橙片），食物也很糟糕（湯不溫不火，羊排冷食，骨頭上絕對沒有肉，隨機分類在一堆土豆泥裡夾著“麵包”的蔬菜，全部放在一個盤子裡，在我朋友的菜上菜後大約十分鐘才上菜）。上面寫著“1930s”的 2 米鐘看起來像是有人在網上為萬聖節買的派對裝飾品。他們甚至沒有牛排刀。這裡的一切都是假的，但最糟糕的是，看起來他們甚至都沒有試圖說服我們它不是。      
2,不怎麼適合親子同遊，有一些流浪漢，B2是算命街，B3有一些動漫的商店，整體來說應該不會再去第二次  
2,這條步道所經過的水域雖然沒有明顯的髒亂，但水質依然堪憂，水的顏色呈現詭異的粉藍綠色，透光度非常差，水裡面魚沒幾隻，也幾乎沒有水生植物，使得岩石表面的黃色特別突出，整條溪流死氣沉沉，就只差沒有飄出奇怪的味道了。   步道途經的山林也缺乏生物生存，感覺受到人類干擾太嚴重，山裡面迴盪著圓覺寺所播放的佛經，有種被強迫收聽的感覺，我想不只人們會認為這使得空氣瀰漫著一股詭譎的氣氛，連動物們都會不堪其擾，搬家了事吧。   看到有人在那溪邊戲水，我真的很懷疑他們是不是沒看過乾淨的水長怎樣，他們最好小心身體健康，那佛經唸來唸去唸到整個生態都毀滅了。  
2,蓋了一堆蚊子管到底給誰用？我們納的稅就這樣浪費嗎  
2,環境髒亂 垃圾都亂丟 素質怎麼那麼低  
2,鬧中取靜，讚！疫情稍解封運動的人就多了，是市民休假運動的好地方  
2,除了成功路開頭有鋪面，後面都是原始土地  
2,地方不錯，東西跟其他地方差異性比較大，可惜的是電梯也太久了，也沒有樓梯可以自己走下去⋯⋯  
2,池點雜物樹枝多，入口建築凌亂違建充斥  
2,很早就關了，離打烊時間明明還很久。  
2,去停車，車場設計十份差，動線很不好，如為停車或消費不建議。  
2,標誌錯誤已久，一直不作更正，這工程是如何驗收的。  
2,目前前往軍艦岩步道－奇岩登山口封閉中哦！  
2,楊先生本人的作品是好的   但作為一個美術館   管理和展場都十分不到位   各種臨時性雜物和慘不忍睹的外牆磁磚脫落、亂加招牌   愧對藝術家  
2,就只有門可以看看，沒有規劃讓人參觀  
2,牛肉變薄了，肉也變少了，吃了很多年但以後不會去了，可惜  
2,一個空間明顯不足 卻硬擠出來的公園 不舒服.  
2,有特定目標在前往 不好逛  
2,爬完100多階樓梯上面是一間廟，沒有想像的好。  
2,來的時間不對。整排路樹都是枯枝，無葉無花。  
2,  農曆年期間可能很熱鬧，但在 11 月的周三晚上 8 點，這裡幾乎空無一人。沒什麼特別的。市內其他類似的街道。不值得坐地鐵到這條街。      
2,二樓的餐廳地板及桌面常常油膩，筆者幾乎每個禮拜都去內用刀削麵，但是沒有看到餐廳整潔的改善。  
2,白晝之夜太多沒水準的人  
2,舊建築有氣氛，也有霉味，服務專業不夠，點餐都弄不清楚，還要接受換餐  
2,很有特色的博物館，很多東西都很有創意   像是裡面的迷你火車會動、超級小電視   但是這種小巧思不多，有些東西在以前是   很驚奇的，2021年了那些東西顯得沒那麼特別   走進袖珍博物館感覺像是十幾年沒變一樣   很多小人物也做得沒那麼精緻   既然要開博物館收門票，應該要更用心一點   不能敷衍了事，成人一人200歲太貴了  
2,比新北市永和區仁愛公園與四號公園以及中和區錦和運動公園好很多，因為那邊到處抽煙吃檳榔太多了！  
2,看到台北車站比南部豐富很多，我整個就不爽  
2,現在在整修，說到今年10月可以整理好。我們等等看吧...在整修前就已經把小生態池改成ㄧ般死水，常常惡臭又必須把裡面的魚或其他生物弄掉才能換水，這些生物死的死不見的不見，現在又說要換回生態池。好像國家的錢很多，這不是浪費什麼是浪費呢？108年新任里長當選後，不斷在公園作秀，說公園不能遛狗，也不準狗狗大小便，說都是我們遛狗的人沒撿？里長說政府有規定公園不能遛狗，好像自己連法規都不清楚？里長怎麼當選的？另外，里長之前在公園老榕樹用釘子釘了警告標語，請問為何要傷害植物？公園餵松鼠的人才是真的在破壞生態，你卻說禁止遛狗比較重要？！  
2,普通的運動公園!阿彌陀佛  
2,夜景美   但是可能人多環境變不好了   會有屁孩坐在平台前方欄杆上，讓你深怕不小心把他推下去，無法好好享受美景   也會有屁孩在山壁小便，告訴你那塊是他的地盤，讓你擔心是不是誤闖了  
2,藝術氣息濃厚時時有新的創作訊息是吸收新知識的好地方  
2,感覺像是個蚊子館，曾經在這附近遊蕩過幾小時，發現很少人會進去呢！  
2,這裡空氣新鮮，又有花草樹木可欣賞，還有凌霄宝殿，指南宮廟，可供朝拜，又能練体力，一舉二得，值得大家來這裡遊玩，還有很多地方我沒去過，渡假好地方。          這裡空氣新鮮，又有花草樹木可欣賞，還有凌霄寶殿，指南宮廟，可供朝拜，又能練體力，一舉二得，值得大家來這裡遊玩，還有很多地方我沒去過，渡假好地方。  
2,公園還是有抽煙及旁邊工地施工  
2,電話打了幾次也都沒有人接電話轉來轉去然後一直等  
3,整潔，為有進出有時要跟機車搶道，安全自己要小心  
3,較貴 乾燥花極少 要買乾燥花的不適合來  
3,新地標，可以來走走   緊鄰市民大道旁，開車、騎車都很好停車，是一個很適合遛小孩的地方，溜滑梯不太古溜，要手扶著一下  
3,種類煩多，1，2，3樓商家分類標示皆欠缺，沒啥規劃，迷宮一般，相信幾十年來都沒進步，希望有改進的一天  
3,  這個地方好壞參半。這是一家銀行博物館，展出過一些有關銀行和金融項目的歷史，但面積並不大，這座建築還設有一些動物，恐龍和植物的展品。樓上有一個咖啡館。      
3,廟旁的古早味麵攤，還有附近的蘿蔔糕許多小吃，都非常的美味  
3,土庫岳為小百岳，更寮古道路況好又遮蔭，登山口之環山茶莊土鷄城，美味好吃又價廉喔！  
3,店家不多街區不大勉強走走可以如想逛夜市不建議過去  
3,運用聲、光、照片、模型，陳述台北城市的歷史身影，讓你瞭解這個城市的過去與現在，值得一遊。  
3,很適合散步騎車的地方，也常常有比賽或活動舉行，附近超誇張的違規停車讓人懷疑台北其實是個沒有警察的地方  
3,書店愈來愈少了，變成旅館街。可惜。  
3,一不小心可能會走過頭，現在都需要預約參觀，從門口看起來有點擔憂維護情形  
3,捷運在科技大樓站下車，到對街騎Ubike往南走約200公尺處，右側有Ubike站可停車.  
3,食材不錯 價格偏高 座位部分是高腳椅 不是很舒適⋯⋯除此之外空間感及位置算中上  
3,  如果你去週六下午，那條街就是人，人，人。   我終於到了，並要求一個很好的友誼。這是      
3,很多店面都掛出租，人潮不如以前，東西也變貴很多。  
3,設施不錯，但有流浪漢居住，排泄物味道四溢  
3,建物本身感覺沉重，門牌資訊希望多做說明  
3,建築物很有特色，色彩鮮豔，但位置較隱蔽。  
3,夢幻湖，小小的。沒有大湖公園漂亮。  
3,還方便的停車位，價格“親民”的“供餐部”（只是，果腹還行，千萬不要有“期望”@@）  
3,吃的種類蠻多，但是動線規劃不是很好  
3,優   停車位多   不用收費      缺   能玩的遊戲設備很少   如有使用嬰兒推車不方便  
3,虎山爬山路口，還沒進去過  
3,日式佛寺，氣氛幽靜，有出家人是莊嚴的小佛寺  
3,  從R22(A)新北投站步行即可到達。進入入口後，非常炎熱和潮濕。當風吹來時，您可以看到霧氣在水面上移動。如果仔細觀察，可以看到從底部升起的溫泉。如果您正在訪問北投地區，建議至少訪問一次。      
3,到訪日為 2022 年九月 25 日早晨五點半，陰雨，來參加 2022 年的舒跑杯路跑賽。  
3,是一個古舊的小劇場花小小的錢就可以來體驗  
3,  路燈生活館   洪美達美先生真是太神奇了      
3,  年輕人可能不是很感興趣？ ！   如果幸運的話，你可能會看到改變警衛的表現      
3,東西漲價的很多買不下去  
3,小吃街，沒什麼好挑剔，也沒什麼特別有特色的  
3,  離饒河街觀光夜市最近的車站   如果它是十多年來第一次來，那將是一個很棒的車站建築！      
3,食物真的已經不能跟以前比了  
3,  如果您想去 cgmh 醫院，您可以考慮將車停在這裡。      
3,外觀不錯，但內部實在太小，任何展覽都顯不足  
3,這裡可以認識股票等等，也可以認識很多關於銀行等知識，還不錯。  
3,  漂亮的球場，但如果你踏入草地，你的腳會濕的。      
3,彬彬攤位讚，中間戴眼鏡年輕人  
3,昏暗！擁擠狹小的觀賞空間，椅子還是活動式，也看到大力膠帶的貼補痕跡。經營場地確實困難，預算有限還是可以考慮！  
3,这是台北磁場謹次於南港公園的公園適合親子及老人散布的地方近市場          這是台北磁場謹次於南港公園的公園適合親子及老人散佈的地方近市場  
3,有很多老人家唱歌，泡茶，適合放空，發呆  
3,"不需要特地來訪,因為所剩不多且介紹亦少,在巷內走路過的時候的確有點陰森的感覺  "
3,2022年9月的秋季蘭花展，真心建議不需特地過來參觀。因為平日建國花市所展示的蘭花品項，數量遠超過此地展覽內容。  
3,10月26號要去寫生 我們老師要帶我們到這裡寫生畫畫 只是先來看看  
3,每個月只有一天有開放，要看網站公告，可以看看歷史古蹟不錯，不過似乎修復前已損壞嚴重，很多地方都是後來重用的，連家具也是另外擺的，幾乎是新的了，小小失望，但也很感謝志工們的解說。另外這月有去，其實全部的志工人都很好，只有一位態度非常不好，只不過在一樓(一開始去還沒圍起來)動線走錯我就大聲質疑旅客，我們問他怎麼走也不說，只說要去二樓還看影片不然就出去，真令人傻眼，不知道為何不能好好說明？  
3,位於冷水坑附近，風景優美。  
3,雖然營業時間到六點，   但是下午四點就禁止入場了，   就看到一堆家長跟小朋友在售票窗口，露出無奈又失望的表情！  
3,运动休闲好地方          運動休閒好地方  
3,故宮逛累了，可以到這裡走走，還不錯！  
3,朋友們小聚的好地方，寧靜且有人文氣息。咖咖點心簡餐皆物超所值。  
3,北投地區對於這種大眾免費的設施都規劃得很用心，還有用來沖腳的自來水及置物的櫃子，只是這個地點在Google導航上面有點奇怪， 直接導航到上面的思源路再開下來，開下來的路非常小，還是建議停在上面的路邊比較安全。  
3,  夜市的長度很短。你很快就會走路了。馬路不是行人天堂，汽車摩托車飛過，走路很危險。那些有孩子的人不應該讓他們的手無人看管。食物是當地的而且價格合理。夜市周圍有很多食品和飲料店，所以在該地區漫步會很有趣。      
3,"來回大概半個小時的路程,相當輕鬆,可以看到新光大樓及101大樓  "
3,  一個非常安靜和平靜的寺廟，具有當地信仰的氛圍。   就在龍山寺旁邊。   有廁所。      
3,  傳統的小寺廟，就是這樣！轉而去龍山寺      
3,路平、夜晚燈具通明…   人多…但小孩四處亂竄、很危險。  
3,可能因為季節緣故 沒有水  
3,遊樂設施很好玩，沙坑也不錯，美中不足的是遮陽設施不好，四月去玩還可以，夏天大概就沒辦法在艷陽下玩設施了。  
3,外觀很有日據時代懷舊典雅，但門口設計已不適合現車多的現今，尤其每當回診對行動不便坐輪椅的病患和陪伴者都很辛苦，斜坡推上總是擁擠在轉角處，連出來也是和行人擠在一起，感覺動線很不理想！  
3,爬山休息點也可泡茶聊天看大台北101  
3,人潮很多，有吃的，還有休閒泡茶店好幾家外面有些中年女士穿著清涼牌牌坐感聚覺不對有損萬華形像  
3,巷弄裡有小店可以逛逛   有些食物不錯吃   假日公園會有人表演   覺得逛逛一個小時沒問題再長就還好  
3,威權時期的產物 看看就好其實現在把它當旅遊點也還算不錯  
3,如果跟商家發生爭執，服務台很給力，可以找他們協商。   不過有些店家的行徑不大合理（攤商附圖如下）：   本人到玉市買玉鐲，老闆掛保證說玉鐲一定戴的上，但拒絕幫本人戴，說自己回去用肥皂水戴就行了，但本人回家試了三個小時，玉鐲太小戴不上，還弄傷了手（已經試過很多網路上的方法）。   隔天去找他退錢被拒絕，他說：「不然我幫你戴，如果妳手受傷爛掉斷掉自己負責！簽保證書！」並且說我「野蠻」，雖然最後成功退錢，但個人還是不大喜歡這次購物經驗。   這個攤位的老闆是一個身形瘦削，眼睛大，有時會罵客人，語氣有些衝的老爺爺還有他老婆。   以上提供自己的經驗供消費者作為購物時的參考，誠摯提醒，如果要買自己戴的玉鐲，建議題現場試戴，不然遇到老闆事前掛保證，出事後又拒絕退款，程序上會有點麻煩。  
3,  在早市街中間的神社。規模很小。許多奉獻的平板電腦被顯示為功課的上帝！      
3,內部空間塞滿展示資料和破壞原有空間氛圍的無謂裝修，外皮是無法近看的假仿面磚，地面竟然鋪設比外圍制式步道還不像樣的材質。   本地目前最好的古績修繕工事就這種水準而已。新不一定比較好，而文化也還分高低呢，一切都還差得遠。  
3,鬧中取靜，散心好地方。可惜小黑蚊太多了，影響參觀心情  
3,六巨石對外國人較好奇，喜歡停留拍照。  
3,  它曾經是交通博物館，供孩子們學習公路法規和駕駛小型汽車。小時候太爽了直到政府決定關閉它，並據稱將其變成客家文化公園，它才成為最不酷的地方。作為一個有1/4客家血統的人，我不是因為客​​家就說這不好，我抱怨的是他們在弘揚客家文化方面沒有做任何紮實的工作。在最近改造成“綠色建築”之後，它仍然與最初的主題不符。我的意思是，畢竟這是一個不錯的公園，為什麼要用一個無關緊要的名字來命名它呢！完全沒有意義！      
3,有點搞不清楚這裡在幹嘛。  
3,教堂雖然不大 裡面線條與 彩繪玻璃 鮮豔奪目 拍攝人的選擇  
3,  體面的購物中心，有一個不錯的電影院      
3,保存史料的地方，路过还是值得进去看看          保存史料的地方，路過還是值得進去看看  
3,  軍事控制台灣總統選舉歷史遺址      
3,一般城市公園..士林官邸附近..現在福林公園馬路人行道上有阿伯樂勒花開約10幾顆..免門票適合散散步..有兒童遊樂器材設施..  
3,環境設備都不錯   可惜要自行清潔善後  
3,可放風箏觀賞潮汐與海岸風景  
3,有冷氣哦！喜歡滷牛肉、炸物……但小小的走道有點擠就是有懷舊味道  
3,  方便往返車站。裡面是一條購物街，有可供休息的長椅和許多公共廁所。      
3,畫面呈現不錯，不過實際看的時間約5 分鐘，就我個人而言，CP值不高，沒人請不會花錢看。  
3,"幼兒樂園,花蚊子及小黑蚊超級多,  "
3,臺北府城的五座城門中最大一座。   石額四周採用螭龍圖案，與其它城門均不同，屋頂型製為四面屋坡的屋頂上，再加依層屋頂的「重簷歇山式」，顯得較為華麗壯觀。  
3,吃喝 聽歌 樂團 騎自行車的聚會所  
3,中間後方影響噪音太重整個影響觀戲品質，場內場控人員真的不知道在做什麼，完全未盡控管之責，放任場內孩子哭鬧不休，一堆人大聲聊天，開閃光燈拍照，反應過也未改善，不會再去了。  
3,二等三角點 視野尚可 有數位電視轉播站  
3,景很美。      但上面的停車場位子很少，晚上去的時候涼亭附近會停很多機車，不好會車，建議停在下面的停車場。      去的時候也蠻多人在上面抽煙，沒辦法待很久。  
3,在往故宮博物院的至善路上，可以看到指向東吳大學方向的招牌，上面書寫著錢穆故居。經過大學門口警衛招呼後，一路直行就可到達目的地，門前的小斜坡上還可開放停車很是方便。除了斜坡入口石頭上的錢穆故居標示，紅色的大門上還書寫有素書樓這三個字，當年還爲了這個錢穆住居應該算是公家資產被私人占用，還在立法院及臺北市議會内藍綠吵成一團，史稱素書樓事件。當然被安排居住此處，并非他本人的問題，但在法律上畢竟違法還是事實，好像在被迫遷出不久也就病逝了，反而這裏最後又成爲他的紀念館，還真是冥冥自有定數呢。   錢穆（1895年7月30日－1990年8月30日），原名恩鑅，字賓四，江蘇無錫人，中華民國中央研究院院士，歷史學家，儒學學者，教育家，香港新亞書院創校人。與呂思勉、陳垣、陳寅恪並稱為嚴耕望所評選的“現代四大史學家”。 香港新亞書院創校人，燕京大學講師，國立北京大學歷史系教師，耶鲁大学特颁赠人文学名誉博士学位。中華民國第七屆中央研究院院士，中華民國總統府資政。   參觀資訊：免費//周一休//時間0900-1700   參觀特色：   入門就要走斜坡梯階朝聖，其實右側有水泥斜坡可走。兩層樓的洋房，草木蒼蒼的庭院，難怪他不太想離開。入門右側房間爲視聽教室，應該有導覽影片才對，來幾次都沒使用。著名的飯桌兼課桌，學生在此聆聽教導并作筆記。飯桌旁就是會客室，當然要有相當身份的人才坐這裏。二樓上的書房，書房一角，果然是國師級的書櫃，夫妻的小臥房，二樓門廊的年譜挂表，應該是原來的客房，拜訪手杖，烟斗，眼鏡，挂錶等遺物。這個獎章應該是行政院頒發的學術文化獎章，沒有從政當然不會有高等的文官勛章。回眸庭園一瞥，右邊小房是營業的小咖啡廳。          在往故宮博物院的至善路上，可以看到指向東吳大學方向的招牌，上面書寫著錢穆故居。經過大學門口警衛招呼後，一路直行就可到達目的地，門前的小斜坡上還可開放停車很是方便。除了斜坡入口石頭上的錢穆故居標示，紅色的大門上還書寫有素書樓這三個字，當年還爲了這個錢穆住居應該算是公家資產被私人佔用，還在立法院及臺北市議會內藍綠吵成一團，史稱素書樓事件。當然被安排居住此處，並非他本人的問題，但在法律上畢竟違法還是事實，好像在被迫遷出不久也就病逝了，反而這裏最後又成爲他的紀念館，還真是冥冥自有定數呢。   錢穆（1895年7月30日－1990年8月30日），原名恩鑅，字賓四，江蘇無錫人，中華民國中央研究院院士，歷史學家，儒學學者，教育家，香港新亞書院創校人。與呂思勉、陳垣、陳寅恪並稱為嚴耕望所評選的“現代四大史學家”。香港新亞書院創校人，燕京大學講師，國立北京大學歷史系教師，耶魯大學特頒贈人文學名譽博士學位。中華民國第七屆中央研究院院士，中華民國總統府資政。   參觀資訊：免費//週一休//時間0900-1700   參觀特色：   入門就要走斜坡梯階朝聖，其實右側有水泥斜坡可走。兩層樓的洋房，草木蒼蒼的庭院，難怪他不太想離開。入門右側房間爲視聽教室，應該有導覽影片才對，來幾次都沒使用。著名的飯桌兼課桌，學生在此聆聽教導並作筆記。飯桌旁就是會客室，當然要有相當身份的人才坐這裏。二樓上的書房，書房一角，果然是國師級的書櫃，夫妻的小臥房，二樓門廊的年譜掛錶，應該是原來的客房，拜訪手杖，煙斗，眼鏡，掛錶等遺物。這個獎章應該是行政院頒發的學術文化獎章，沒有從政當然不會有高等的文官勛章。回眸庭園一瞥，右邊小房是營業的小咖啡廳。  
3,  似乎沒有可以說日語的員工。      
3,近101，卡通人物巴士公車，有紀念價值  
3,"木柵貓空著名廟宇之一,展望佳,風景優美,附近茶樓,餐廳臨立,用餐方便。。值得一遊  "
3,本想給4星的   但買到瑕疵品，還要騎個老遠回來換   表示出貨時尚未盡到物資品質控管   （一天兩趟汐止、萬華跑...）   時間損失以及口罩的損失...  
3,蚊子很多，記得穿長袖，滿棒的生態環境  
3,百年古蹟 維護不善，佛教道場 弘化利生  
3,其實是介於還可以跟喜歡之間。   因為季節跟整修的關係，荷花池沒有花而且也在整修。   主棟建築，歷史博物館也將要休館整修，工藝館和藝術教育館倒是還有展覽可看。  
3,環境很漂亮 也有朋友在這辦過婚禮所以有印象   但炸物的味道真的soso   有專屬停車場  
3,  裝修的很時尚，但我不想買任何台灣典型的東西，因為它和其他的一樣。看過之後，就滿足了。      
3,  在曾經是政府大樓的建築物中發現2個美術館。表演很有趣，但稱它為村莊？      
3,算有特色，可以再去，環境得再加油。  
3,景色優美，拍照運動的好地方。  
4,騎腳踏車經過時可休憩吃個枝仔冰，廣場後側旁邊還有溜滑梯供孩子玩耍  
4,將近百年的古色古香的醫學院? 外觀建築美，內部的座椅也是古董級，只是標示有點不太清楚?  
4,  看起來它在 1980 年代被凍結了      
4,餐點價位偏高，適合晚上來感受氣氛。  
4,要買鞋來到沅陵街就是看到MIT IN鞋子.皮鞋街道美譽沅陵街有台灣鞋子的縮影商圈.  
4,教具雖然不多，但場地大又乾淨，很適合小朋友活動。  
4,社社子島島頭公園子島島頭公園顧名思義即位於基隆河與淡水河交會的島頭之處，面積雖僅1公頃，但此島頭乃是臺北市政府利用基隆河疏濬的土方所填出來的灘地，灘地上綠草如茵，並闢建出石板路與木棧道，方便民眾親近觀景平台。觀景平台總是擠滿了垂釣客，這裡也是觀賞基隆河與淡水河交會及入海的絕佳地點，放眼望去，是270度的壯闊河景，朝右望去有香火鼎盛的關渡宮、氣勢如「紅」的關渡大橋，往左看遠方有巍峨雍容的觀音山，其間不時有小白鷺飛掠點綴，好一幅寫意的山水畫！傍晚時分，更是可以觀賞落日餘暉灑落在淡水河面上，配上觀音山山景更是美不勝收。另外，平台左手邊是茂密的紅樹林濕地，與對岸的關渡自然公園濕地相呼應，退潮後的濕地還可看到探出頭的招潮蟹，共譜一曲紅樹林生態交響曲，非常適合全家大小一起來散步的好地方。  
4,附近很多回憶，也蠻多好吃不貴的。  
4,迎風河濱公園位於台北市松山區.為基隆河岸自大直橋至高速公路間的綠地空間.公園面積約有600000平方公尺.園區於2002年整建完成.內附設有含有各類球場的運動公園.腳踏車道等休憩設施。如其名所示.迎風河濱公園定位為河濱公園的綠地.其用地為配合河川整治工程.將面積廣大的河濱高灘地整平.並加以綠化所得.公園所佔土地在汛期間仍然屬於河川行水區.但在非防汛期間.即可提供市民使用。在市民要求下.台北市政府於2002年設置狗運動公園.於2006年落成使用.也是全台第一座狗運動公園。  
4,阿北 大叔們 上廁所時提好您們的水管放尿在小便斗裏不是在地板上！行行好！打掃阿姨很辛苦的！  
4,  非常複雜的縮影。如果您喜歡娃娃，縮影和手工藝品，那麼這是必須參觀的地方。      
4,有停車場，服務人員親切。   手作DIY小孩玩的很開心。2樓有小遊戲可以玩。   沒有正餐可以吃，裡面的餐點是吐司、飲品。  
4,風景美丽空氣好是假日的好去處  
4,"想到望春風，補坡網，………雅俗共賞的歌辭，真是幸福!! 如果能在這裡辦音樂會就太圓滿了，是古蹟嗎？快修一修, 加油!!  "
4,休憩，散步，運動，騎自行車，野餐的好地方  
4,清晨空氣新鮮，認識植物、花草、賞鳥的好地方！  
4,莊嚴氣派，可惜只能局部參觀。  
4,放鬆身心的好去處，享受在被藝術品包圍的環境中喝杯下午茶點  
4,老商場、 老地標， 可以來此購買特定的物品。  
4,有名的滷味，還有多樣小吃另外還有購買衣服的店，適合女生。  
4,忠義環山步道路程不長 難度低   重點是交通方便   從（面向）廟的右方上山是階梯步道   左側是一小段車道 上山有泥石路需要繩索手腳並用  
4,在附近社區中很小巧的公園，累得時後可以來休息下，旁邊很多鳥的石像，很有不一樣感覺。   這邊鳥群非常多，一直鳥叫聲覺很特別。  
4,台北很舒服的半山廟宇，環境清幽，景觀無敵。參拜同時，也可享受美味咖啡。  
4,可以在橋邊水流處，看見突兀的粉紅色一坨一坨的像明太子的東西   是害蟲福壽螺的卵...   草叢邊也能長出白菇...   真的很生態的地方  
4,市區附近。很快抵達。步道可四通八達。  
4,"神威顯赫!工作人員態度親切,來參拜都會有幸福感!  "
4,台北郵局60年代約會好地點，附近還有聞名的中華商場，無論是逛街或者約會小吃都是當時的台北地標首選  
4,  我讓吳先生看的。還有一個年輕人是翻譯，我可以安靜地聽算命。據說不馬虎，所以強烈推薦給不擅長自信語氣的人。      
4,用心找可以找到不錯價格的商品  
4,從陽明自來水營業分處大門進入，假日大門關閉，可由大門一旁進入，可由停車場左右兩邊登山口進入，裡面除了古蹟水神社之外還有活水頭幾棟小建築物  
4,吃吃喝喝去   水煎包最好吃  
4,很多展覽都在這裡辦，很不錯！  
4,很大的公園，小孩可以玩得很開心。  
4,  你必須爬一些樓梯，但這絕對值得      
4,位於林森北路和南京東路口，鬧中取靜的都會市區公園.  
4,還不錯，大湖公園野餐後，可以在這邊溜滑梯，挖沙。  
4,風景優美，師兄，師姐待人親切  
4,地點在台北車站旁，交通方便，植栽很多，休閒放鬆的好地方。  
4,淡水河關渡棧碼頭晨昏夜晚景色各異，風光水色非常美麗，附近的關渡宮香火鼎盛，紅色的拱形關渡大橋相當顯眼，觀音山就在河的對岸，淡水河兩岸的自行車道設施相當完善。  
4,萬華區服飾的批發商，很方便採購的地方。  
4,搬遷到懷寧街8巷十分狹窄，招牌不明顯還真難找，日文書籍雜誌這裡比較齊全，除了賣書也是出版社。  
4,增加「大創」、「日藥本鋪」挺好逛的  
4,位於東吳大學校區內，有錢穆的身平介紹  
4,在路中間的南門遺址，無法靠近看。  
4,很莊嚴 古意   還有戲台   具規模   進入廟內會有寧靜氣氛      可惜廟埕內設置停車格   破壞整體廟的感覺  
4,臺北市水上船類運動的水上碼頭  
4,很久沒來，帶小朋友來看看，動物比想的少。   整體規畫還不錯，費用很便宜，高雄壽山動物園要加油了。  
4,環境佳，設備完整，希望可以增加週邊商品  
4,批發零售都有，旁邊有上引水產超市餐廳，方便  
4,都市中的寧靜，在陽明山山下，士林官邸的附近  
4,免門票可以走一走 ，忘卻煩惱憂 。  
4,天后宮是供奉媽祖的廟宇，如果你有在台灣到處走走就可以發現台灣到處都是媽祖廟，算是台灣蠻大的信仰對象。  
4,台北人喜歡的美食夜市，日本人也很常來  
4,台北鬧區中的桃花源，交通方便易達。  
4,清涼的地方，走親子步道的休息區之一  
4,  如果你有時間，請把它放在你的日程表中......不管台北是否必須和首要任務。      
4,從自行車步道下來，沿著河岸邊散步欣賞繁華大稻埕外的寧靜世界  
4,很富教育意義的歷史景點，公車總站下車後繼續往挹翠山莊方向走，很快就會發現指標，亦可經由此景點續登象山。  
4,台灣眾多廟都列入古蹟，惠濟宮也不例外，列為三級古蹟，廟前廣場可遠眺台北都會區，微風吹拂很適合散心及走完登山步道來這裡小憇一下，很是放鬆  
4,乾淨美麗，距離遊客中心很近。  
4,呈現早期茶行家族經營模式，家族生活環境工廠分配，因應大環境改變，順應潮流調整商業模式，連建築房地都擴展經營，十足的生意人頭腦，令人讚賞！  
4,建築優美，空間寬廣，身處其中心思寧靜。  
4,這邊的導覽很盡心盡力，他們解說的很詳細，好像要把所有航海和船的資訊一下子交給小孩，耐心又很有愛心，場內環境佳，互動性也強，最後也看到鐵達尼號如何沈船的 。這真的很棒的校外教學地點。聽說他們的餐廳也很棒，而且還有積木DIY，這樣的行程真是太好了。但美中不足是停車不易，孩子需要過大馬路，還蠻危險的，但先聯絡長榮海事，他們都會派人出來幫忙引導，也是貼心的服務。  
4,敬奉 玉皇大帝恩主公，心誠則靈  
4,東西不錯吃 夜市環境差一點  
4,以規模推斷是當時的頂級豪宅  
4,#LocalGuides   2017大年初二之三宮巡禮第1站，主神 - 福德正神!  
4,充滿草藥芳香的一條小巷子  
4,8月初剛去夢幻湖果然夢幻   湖中無水乾涸見底   好在快到頂步道景色遼闊   藍天綠地還有遠處金山海景   自停車場一路向上走多是階梯(約15-20分鐘)   下雨時石階容易滑倒要留意  
4,是個很悠閒的好去處，長廊型規劃的書店，很特別，外頭的休息椅可以在店家買食物邊坐著休息邊吃，各處指標清楚，廁所乾淨。  
4,有冷氣，假日逛逛看翡翠、寶石的好地方。但不要隨便下手，因為價錢都亂開  
4,  我乘出租車去了那裡。   週六週日好像要封路，所以好像繞了好遠的路。      景色是最好的，我感覺我的運氣會有所改善。   氣氛與日本的神社和寺廟完全不同。      
4,久聞中廟宇，香火果然非常鼎盛，是當地商家與居民的信仰中心，香與紙錢隨喜，唯一的敗筆是那座金爐很醜，願廟方能美化一下。2018.2.20.  
4,  雖身在台北，卻散發出一種非常幽靜的氣息。食物很好，雖然有點貴      
4,服務親切，極具特色的傳統美食好地方。  
4,  非常漂亮的建築設計。很好的當地藝術品，門票價格非常優惠。值得去一次      反正裡面感覺比外觀小。      
4,改造後的生態水池增添特色  
4,很多商家，但是動線有些昏亂  
4,永康早市廁所旁有一間素食的麵店口味不錯，當歸湯賣得嚇嚇叫，尤其六，日辣味湯（麵）更是精彩，有興趣的人可以來試試  
4,艋舺地藏庵，俗稱艋舺地藏王廟，是臺灣三級古蹟，廟旁有大眾廟一座，主祀大眾爺，即無主亡魂。雖然在艋舺龍山寺旁， 但是大家常常路過，或者逛夜市，而沒發現廟的存在。我也是路過很多次才發現，因為是廟本身不大，大家不妨去龍山寺時也順便過去看看。  
4,打彈珠是孩子的樂園，生活用品或美食都買的到  
4,聽音樂放鬆自己不錯的地方  
4,內雙溪自然中心，從士林區至善路三段150巷上山即可到達，但是需15人以上2週前提出申請才可以入園參觀並有解說員服務。對面藥用植物園都有開放，只有星期三休園。   再右轉往山上走還有碧溪步道石頭厝登山口可以健行。  
4,  體驗相同的藥物和食物來源！      
4,場地寬敞，可以喬各種角度...      只是可以拍的景有點少...  
4,很容易爬的小山，適合親子同遊  
4,建築好靚，有歷任台灣總統的資料  
4,很有懷舊風，東西不貴。是朋友相聚的好地方。  
4,台北免費景點，每個展廳都有故事很有意思，發現劇場很不錯。  
4,觀賞美麗華及101夜景的好地方  
4,節目水準很高，舞台規格略遜一籌。  
4,因為是台北市政府出錢出地，提供給需要的藝術工作者，所以命名為台北國際藝術村。   對面是行政院，右手邊是警政署，再遠一點是鐵路局。雖然都是公家機關，土地所有人卻都不同。  
4,景點不大，看見大自然的奇景~  
4,位于仁愛路校區，1998年開放參觀，醫學人文博物館內的醫學文物典藏及展示以臺灣醫學史為重點，揭示醫學院在臺灣醫學發展之貢獻，展現醫學各領域在臺灣發展之過程及特色。并經常有醫學類的專業特展。          位於仁愛路校區，1998年開放參觀，醫學人文博物館內的醫學文物典藏及展示以臺灣醫學史為重點，揭示醫學院在臺灣醫學發展之貢獻，展現醫學各領域在臺灣發展之過程及特色。並經常有醫學類的專業特展。  
4,老書店一般書籍這裡都找的到  
4,各大廠商在這裡設點，可以摸摸最新的商品，但是買東西還是算了吧六師弟  
4,  這裡的風景比象山好得多，象山有太多不適合老年人的陡峭樓梯。      
4,散步好地點   環湖一圈1400公尺   新設施增加造型沙坑  
4,  我在夜市停了下來，但燈籠很漂亮。      
4,今天是四月的最後一天，天氣非常好沒有大太陽很涼爽，從同安街的紀州庵過天橋就到河濱公園，因為是週末，人潮蠻多的，騎腳踏車的人也很多，看到了一些花來不算很多，不過人在戶外走一走感覺很好。  
5,不趕時間，逛完松江市場~可以在這兒休息一下！  
5,設施好，研討會、發表會之類的常常會在這裡辦  
5,不錯的休閒好去處，缺乏市政府的宣傳  
5,  從這裡看到的景色很美。從上面的台北。      
5,人好多   許多人在此處的草坪休息   有著名的用九商店   還巧遇公眾人物  
5,公園是歇腳好地方，主要是等待對面咖啡廳營業  
5,青田七六屬國立臺灣大學校產，黃金種子團隊董事長、執行長與文化長皆為臺大地質系校友，亦是馬廷英教授徒孫，我們不捨老屋無人居住，頹傾速度驚人，故向台大取得經營權租下此屋，希冀可以將古蹟活化再利用，介紹老屋歷史與建築特色並推廣地質科學，期待多一些人親近這美麗日式屋舍。黃金種子團隊經營青田七六沒有得到任何公部門的補助，需自己開源節流來為古蹟作維護，並帶來免費內部導覽、免費科普活動，更開發街區導覽路線，帶大家從青田七六出發，慢步老台北。      跟家人聚會，這邊很舒服很適合聚會，古蹟保存的也不錯，很舒服自在，東西也很實在。  
5,  莊嚴的地方。您可以冥想和俯瞰石林區的美景。      
5,給觀光客的夜市，可以去鬍鬚張吃，炸芋圓，還不錯，其他的就看看就好，外國人會喜歡。  
5,  開始向象山遠足的好地方。看101的另一個地方      
5,城隍廟的對面就是迪化街，假日的時候，這裡有表演或活動，值得來這裡走走，可以接受宗教的洗禮，又可以去迪化街吃吃好吃的蜜餞，是假日不錯的旅遊去處。  
5,這地方的公園真的有用心在設計 環境規劃的很漂亮  
5,在地下室，很寧靜，展覽佈置的也很用心，唯一的缺點是出去時開門要小心腳步，因為門打開的的半徑有點大，要踩下一格才好開啟。  
5,松山車站附近的服飾商圈，也有許多小吃  
5,在貓空用完餐，隨意散步停留的地點。旁邊糕餅店的素食鮮奶饅頭是主要產品，也有販售多種大餅，熱愛糕餅的人絕不能錯過。  
5,小朋友表演現場演奏廳環境很好  
5,生態館旁邊的明舉山親山步道，需要一點腳力，有些地方有繩索需攀爬，小學生可登，3年級的女兒很喜歡！  
5,河畔散步，觀景市集，美景盡收眼底，尤其在黃昏時分或是夜景都是讓人心曠神怡喔！  
5,塵囂中的寧靜，園區內景色很好，可以悠晃一日。  
5,造景維持用心，餐點好吃。沒有時間限制很sweet 。夏天避暑好去處。  
5,去了別忘記吃支孫運璿限定冰棒，花生香濃口感顆粒，台電特製口味，只在這裡吃得到。  
5,4F、5F古今中外各式精緻逼真的船艦模型應有盡有，2F展間有貨櫃輪船實品介紹及展示，基金會設計的實境尋寶遊戲讓全校師生滿場跑的不亦樂乎。(絕對比官方網站上看起來有意思多了)  
5,舒服的廣場，常有一些裝置藝術或街頭藝人表演  
5,歷史遺跡，可以關注旁邊的導覽介紹  
5,跟華西街、廣州街夜市混在一塊的夜市   這邊主要以露天小吃攤為主，富含傳統夜市風情，在12巷那個區塊裡有公廁   實際上乾不乾淨、能不能使用待後續追蹤  
5,2018迎接狗年，永樂市場素食老闆請來自彰化北上的老師揮毫，分文不取，感恩！  
5,很有特色的商店，值得再度光臨！  
5,整體舒服 讓人想要再訪 棒棒！  
5,一代文豪巨擘，睹物思人，思古幽情，適合安排的景點之一。   也看看那個時代的變遷，一個讀書人應該有的志向與抱負，可依作為後生晚輩的我們借鏡，知道自己還野所不足之處。  
5,爬山的好所在，   當天正在維修無法走到攻頂，   只到800公里。  
5,寧靜莊嚴 求平安問簽詩收驚 感念恩主公的保佑  
5,步道就兩人能閃身的距離   不要推擠 也不要拍太久      左右邊為不同顏色品種的櫻花   中午到沒什麼人 非常好拍   再來陸陸續續就開始有一波一波的人潮  
5,從象山到南港（中華科技大學），大約3小時可以爬完，雖然象山、拇指山的上坡樓梯有點多，但整體來說是好爬的郊山。  
5,以前這裡有賣紅蟲的地方、現在沒有了、碼頭變成觀光碼頭、以前的小龍舟與舢板都變成載客大船、雖然還保有龍舟文化的解說牌、但是懷舊的感覺都沒了…………………………………………………………………………………………………………………………………………………………………………………………………………………………………………………………………………………………………………………………………………………………………………………………………………………………  
5,  這個地方有一個美麗的花園，有一個池塘和幾種不同類型的植物。入口是付費的，但如果你可以在他們的小酒館吃，它將是免費的。      
5,櫻花綻放很漂亮，附近只有私人停車場，就是這樣要消費的意思。      建議搭乘公車比較方便。      短短的巷子，櫻花卻是非常貼近。  
5,散散步 吹吹風 停車費 算次 真的是一個散心好地方   可以租借單車 或是由捷運站騎U Bike 都是不錯的活動  
5,這裡很好購物，又有好多美食。  
5,內湖小紅樓，見證內湖的人文歷史  
5,  漂亮的網球場，工作日非常安靜      
5,景色優美，可惜當時只是路過，沒時間拍照留念  
5,櫻花很美   可惜道路會一直有汽機車路過   想拍攝櫻花美照可能要一直留意  
5,老街保存的很好，留給後代子孫認識歷史的機會  
5,喜歡戲曲的人，這是很好觀賞的地方。我喜歡！  
5,…臥虎藏龍，地靈人傑…♡d===(￣▽￣*)b ♡讚讚讚！…  
5,  輕鬆的歷史步道穿過森林。平坦的石階和步道，緩坡和階躍。      
5,1.交通部分：距離市區不遠，交通尚可，雖然有公車可到，但還是自行開車比較方便。但是如果遇到假日，可能要早上就去。雖然有停車場，可以免費停車，但是假日車流不少，有機會停不進去。      2 . 場地部分：地方遼闊，視野很好，如果以停車場做區隔的話，上方有草地，不少人架起帳蓬休憩。也不怕小孩亂跑遠離視限，因為幾乎沒有什麼建築物阻擋視線的，比其市區內的遊戲公園好太多。給小孩子的遊樂設施不多，但比較特殊，一般公園玩不太到。停車場的下方有荷花池，一棟廢棄物搭起的建築物，很多人在那兒架起帳蓬，或是自備桌椅、炊具，一個野餐的好去處，但 不知道那兒准不准許升火就是了。  
5,很不錯的地方   還有紫藤花可以看～   還有很多園藝用品可以採購！  
5,清境，清靜，滿綠樹，地靈人傑好地方。  
5,日據時代的古蹟，文學氣氛濃厚，環境優美  
5,空間不錯，有公園也有小市集  
5,都會的後花園，很有知識性和教育性  
5,這裡環境很好   歷史悠久   每次來都有一種很開心的感覺  
5,歪腰郵筒，是臺灣臺北市中山區兩個遭到颱風蘇迪勒侵襲而掉落的招牌砸歪的郵筒，由於其造型可愛而獲得民眾的高度關注。之後中華郵政響應民眾的要求而同意考慮將歪斜的郵筒予以保留，並且進一步發展成為臺北市另類景點[1]。在考量週遭民眾安全和交通狀況，決定將歪腰郵筒遷移至臺北郵局。但是計畫遷移的舉動則受到許多民間人士反對，前中華民國文化部部長龍應台更批評中華郵政不懂其價值。之後中華郵政則順應社會大眾意見而暫緩遷移工作，並且計畫之後與專家學者共同討論  
5,  由於18世紀西班牙神父的早期歷史，天主教是這裡最早的宗教之一。   這個建於60年代，其目的是在野外建造一個神聖的帳篷。   但你不會相信我們放置的距離只有一個街區......   就在天主教堂旁邊，我們有......一個清真！這有趣嗎？在台北，我們對宗教一般都非常冷淡。   這個國家不是建立在宗教的基礎上的，歷史上宗教很少是戰爭的原因。您可以通過當地免費步行遊覽“台北休閒之旅”了解更多有關該地區的信息。      
5,  如果店主的祖母喝了充滿誠意的茶，那麼您一定會買的，而且可以買到比街對面的ims商店便宜一些的茶。我參觀了幾家茶館，但它是一家友好而友好的商店，我從東方美人，大原嶺，麗山，林業...到Sagyeonchun購買了很多茶。      
5,休閒娛樂 的 好去處 很棒 值得一遊  
5,50元就能看到國內外藝術品，很划算！   每次展覽的票都會做不一樣的樣式，紙本或是塑膠甚至磁鐵材質都有可能，值得收藏   主展覽看完，還能免費看另外一到二項展覽  
5,超好玩，更認識台灣了，再來1⃣️次  
5,不只是圖書館！門票大人80元 可以一天內憑卡進出！要脫鞋 飲料食物也不能帶進去 門口左邊有可以放鞋子的 購票在裡面！整個環境令人喜愛 雜誌和設計書籍眾多 有可以隨意坐著看書的區域 也有可以用筆電辦公的地方！  
5,裡面可以說是別有洞天！二樓的禮拜堂很令人驚艷，教會以遵循傳統的唱詩班聞名，和一般的教會很不一樣。  
5,  尼斯歷史悠久的地方。語音導覽相當不錯。      
5,亲爱的朋友们，我是土耳其人出售的沙威玛，我将于明天6.10.2020开始工作。祝你们好运，并希望我能与大家见面。 dear friends it's me mobeen the Turkish selling shawarma I will start my work tomorrow 6.10.2020 I wish you guys good luck and I wish I can meet everyone..          親愛的朋友們，我是土耳其人出售的沙威瑪，我將於明天6.10.2020開始工作。祝你們好運，並希望我能與大家見面。 dear friends it's me mobeen the Turkish selling shawarma I will start my work tomorrow 6.10.2020 I wish you guys good luck and I wish I can meet everyone..  
5,輕鬆好走的步道。全家人都合適來走  
5,感覺走在郊外田野中，洗滌煩惱。  
5,回來板橋喜歡逛後站商圈  
5,蒲添生出生於嘉義市美街；他的父親蒲嬰以裱畫為業並擅於繪製人像畫（英語：Portrait painting），祖父則是畫家兼佛像雕刻師。      在父親的店裡，他對繪畫產生興趣，並開始以顧客為描摹對象。1919年，他進入玉川公學校（今嘉義市東區崇文國民小學前身）就讀；期間，他受陳澄波教導並啟發藝術創作的天分。14歲時，他以作品《鬥雞》獲得新竹美展首獎；同時，他也一直期望自己能如鄰居林玉山前往日本求學，但因家裡經濟狀況而始終無法實現。1928年，他與林玉山等畫家合組「春萌畫院」。      20歲時，蒲添生趁著替父親收取裱畫生意尾款的機會逕自前往基隆，並搭上輪船前往日本。1931年，他開始在東京川端畫學校（日語：川端画学校）專攻素描。在抵達日本後的漫長時日裡，他一直靠著零星的打工機會與父親及兄長不定時的匯款勉力維生。1932年，他考入帝國美術學校膠彩畫科就讀，後又轉入雕塑科。1934年，他從帝國美術學校轉入雕塑家朝倉文夫（日語：朝倉文夫）私塾門下；在其嚴格教導下，他練得了深厚的基礎能力和正確的雕塑觀念，其中包含觀察能力與記憶力的訓練，還有向自然尋求創作靈感的精神。      1939年，他迎娶陳澄波的長女陳紫薇為妻子。[1940年，他以雕塑作品《海民》入選聖德太子奉讚展。隨後，他決定返回臺灣與楊三郎等人籌組台陽美術協會，並在其下創設雕塑部。30歲時，他自日本返回臺灣，受岳父陳澄波引薦接下其首份工作：製作孫中山的銅像及蔣中正的戎裝像；恰巧，朝倉文夫在他返臺前贈送他十多張孫中山的照片，還叮嚀他將之妥善保存。隨後，在該些照片與其親友輔助下，他順利完成了孫中山的銅像（後置於臺北中山堂廣場東北側）。1946年，他在製作「蔣主席戎裝像」時堅持不使其著軍帽，以藉其頭形傳達其精神，並經溝通而免於不必要的爭議及政治風險。      35歲時，他將鑄銅技術自日本引入臺灣，並成立鑄銅工廠。      1949年起，他於臺灣省教育廳雕塑講習會開始任教直至1979年。      1971年，他在製作蔣中正的身像時被要求加上軍帽，否則有關當局將不予驗收。      1982年，他以法國籍女性為模特兒創作出作品《陽光》；但是，該作品不但未被全國美術展覽會的承辦單位（展覽地點為國父紀念館）所接受，其造型也引發是否涉及色情的爭議。1983年及1984年，他在兒子蒲浩明建議下將作品《詩人》（為紀念魯迅而作）《亭亭玉立》、《懷念》等送至巴黎沙龍藝術展（英語：Salon (Paris)）參加選拔並一一入選。1988年，他在觀賞漢城奧運女子體操表演後受其啟發，並因而創作出十件《運動系列》作品。      1993年，他接受李登輝(時任中華民國總統)邀請為健康幼稚園教師林靖娟創作紀念銅像；該作品為其最後作品之一，他在創作過程中因癌症經常發生抽筋或失去體力的情況。[5]1996年5月底，他在完成作品不久後因胃癌逝世於臺大醫院。      此外，他也曾在台灣省全省美術展覽會擔任評審數十年。  
5,淡水山岳協會去年一趟今年一趟練腳力芬多精負離子健康  
5,世大運的棒球迷聚在一起的歡樂的地方  
5,可以運動和打籃球的地方很棒  
5,市面上少見的日本書這邊竟然都有  
5,房子外觀維護完整，可惜無法入內參觀  
5,古色古香，裝飾符合在地景觀  
5,追上茶金風潮，   古樣古蹟，   稍微空曠了點。  
5,服務人員雖然年輕卻很親切，臺灣製造，臺灣品牌，很不錯喔！  
5,好吃的東西很多，離捷運又近很方便  
5,芒草淹沒的季節裡，吹風看夕陽美景  
5,心誠則靈   供品可以進廟購買隨喜投幣（50元以上）      疫情期間希望大家戴好口罩再行參拜   先有健康的身體才會心想事成  
5,高家的大祖先宗祠，最近在古蹟整修中   當然平常沒辦法進去看，除了祭祖的時候才會有高家的人出現      等整修完有機會再拍多一點照片吧  
5,清淨莊嚴古佛寺 修行道場 回頭是岸  
5,屬國立傳統藝術中心，有大、小表演廳，常有表演，值得到此體驗臺灣戲曲好地方。  
5,因為館長分享歷年活動集章，再度重遊舊地。章況佳。聽說舊的印章可能會被館方銷毀，發文集氣，救救過往的美好回憶。  
5,今天去，沒想像中那麽多人，花也便宜許多，都很漂亮，買不少呢...照片為其中之一的遠拍  
5,越來越好，請加強草原順暢平整度，就更上一層樓。加油！  
5,時常到萬華地王廟都是人山人海那裡廟很靈很多外籍人士都慕名而來  
5,來市政府辦事，剛好遇到熱鬧展開  
5,別的地方找不到的青菜水果，來這裡絕對找得到!!  
5,詳細的解說和舒服的歷史遺跡之旅~  
5,流著汗水，在寒風中爬山，讚！  
5,假日有很多種DIY體驗   都要先預約   會有團體預約   容易遇到滿額   場區算大   還有旁邊文化館可以參觀   有桃園市民卡部分商品有打折  
5,小巧美麗的古蹟，在台北因為獨特的外觀而特別吸睛。   現在不定期有不同展覽，展出台灣生活的各個部分。   房子不大、旁邊的花園、小公園也不大，但都很值得一看，更是許多人拍照打卡的地點。      參觀票價全票也只要50元，很值得。  
5,泉湧公園泡腳池園區，以溫泉使用為主題，提供市民公共空間的溫泉體驗為概念免費入園， 為北投區第一個公共泡腳池示範地點，地勢較其他公園泡腳池 高，接近溫泉源頭，出水口水溫約60度， 水質為酸性硫酸鹽質氯化物泉，沒有硫磺味，泉水滑而細緻泡起來很舒服 ，位於北投義方國小對面， 沿路週邊還算好停車  
5,從吉福宮登山口開始，有時陡上階梯有時平緩，沿途風景優美，尤其是虎山觀景台，視野遼闊能把大台北地區的美景皆入眼簾中，虎山溪沿線串連拱橋成為拍照觀賞溼地生態的最佳步道，還能續走豹山、獅山、象山，把四獸收納腳程中，很喜歡這條漂亮的步道。  
5,保留了不少舊建築內的物品 蠻值得懷念的  
5,消防逃生疏散訓練的好地方，也適合帶小小朋友一起參加喔！  
5,竟然能找到一個在港找不到的Leica鏡頭  
5,「人在歷史裡；我們無法在文化脈絡中定位自己，便很難前進。」      舊時代，新文化；   新文學、新戲劇、新美術、新音樂。   這裡是台灣情感記憶的起點☺️。      處處驚豔，值得一去的地方。  
5,  我最喜歡去石林夜市的地方去！      
5,读过胡适不少书，再来看看胡适纪念馆          讀過胡適不少書，再來看看胡適紀念館  
5,  白天沒去，走著去家樂福的時候發現了，拍了張照片，就是太大了。沒仔細看，但看起來很宏偉？ 1樓還有咖啡廳，白天有時間的話可以逛一逛，在1樓的咖啡廳喝杯咖啡。      
