1,東西不好吃吐司太乾，飲料沒什味道像喝水  
1,這家台式料理餐廳，餐廳風格還蠻泰式的。 打拋肉放番茄，酸辣湯只酸不辣，炸春捲餡料根本就是便當店的冬粉，炒麵太溼，建議那個面用泰國的麵條。      如果你是要吃正宗泰式料理的話，這間一定不是你的選擇。   如果你吃飯只是為了要活著話，身上又有多餘的錢，那勉強可以來，店裡氛圍蠻好的。  
1,怎麼價格隨著時間成長，服務卻越來越差？   記得半年前來吃印象挺不錯的。      怕人吃真的不需要做吃到飽。      之前在服務業的企業上班，很能體諒其辛苦。   但，   訂七點的位置，七點十分才收桌讓我們就座，七點半過了才來點餐，中間20分鐘大概請問了三次能不能點餐，都叫我們等，好的，你忙，我等。   好不容易點了餐，上了三四道（甘蔗蝦、生蝦、皮蛋）我們沒點的，或是已經來過又端過來的，體諒服務員辛苦，就也沒特別說。      但，   請服務生來說要加點時，桌子上當時只剩下三片蝦餅、一碗湯，想要點第二輪竟然不讓我們點？      男服務生狂說「桌上先吃完、桌上的吃一吃」然後馬上離開？   連請了三次......   另外一盤魚都只剩骨頭了！難道要把骨頭吞下去？   兩個小時，都在等，還不讓點第二輪？   （中間想點餐要了菜單，看到一半還被男服務生搶走給別桌，真的超級傻眼！）      等等等、又要忍受菜單看到一半直接從手上被搶走還要忍受臉臭、還要被服務員指責不讓點第二輪？      如果覺得一個客人收658怕被吃了不划算，可以不要做吃到飽，真的。  
1,價格大約110元，就是一直在作外送大份量的訂單..現場排隊的等到快爆動了，現場阿姨們一直罵..或許不缺我這種小咖..東西非常好吃.也吃一段時間了..態度越來越不ok  
1,衛生環境，服務態度都不行   ⚫有次旁邊客人還反應食物都酸掉了，阿婆說那你今天再拿一個，也沒要抱歉的意思…   ⚫禮貌麻煩阿婆肉切小塊一點，他居然說他才沒有那麼多時間…  
1,衛生堪憂，不洗手就做餐點，男老闆抓完頭也不洗手直接碰漢堡   且食物直接放在非熟食工作區的檯面上，讓看到的消費者該如何入口   餐點普通。  
1,來店前可能是需要很了解店家規定   不然店員不太歡迎你   對於服務態度只能給予一顆星   還沒吃到蛋糕 就滿肚子不開心  
1,絕對不會再光顧這家飲料。因看評價不錯來買他們家絲襪奶茶跟凍檸茶，結果不是現做一小小杯要55元！55元！而且味道極甜無比，喝起來充滿糖的味道，凍檸茶大概像是很甜的檸檬紅茶，也不是老闆說一點點甜。完全很失望  
1,店內很熱，調味料區有小強，就活跳跳地爬在醬料蓋子上。服務態度不佳。  
1,本來想說不餓才來吃吃看，都說第一次來了，也沒先說低消300，我們點兩份丼又不是只點兩支串燒，點完餐才說要低消，300不是吃不起，就是不爽這種沒事先告知事後要求加點，老子說不吃了要走才說不用低消，東西也很普通，百八漁場和定食八CP值大勝！  
1,動作很慢！外帶最好提前訂做。  
1,打電話去，光報電話號碼報了三次，一直聽不懂，連六樓都可以聽成一樓。明明有要加珍珠，送來的都沒加。  
1,在裡面吃到頭髮 衛生堪憂 要來的人請三思  
1,非常爛，除了製造噪音外沒有任何優點  
1,烏龍拿鐵/一分糖/微冰   是在賣烏龍拿鐵還是黑糖拿鐵？？  
1,下午臨時肚子餓找不到吃的，看很多人買就去吃吃看，提醒自己不要再來吃  
1,大腸臭臭鍋沒味道   豆腐硬跟石頭一樣   不知道為什麼跟我以前吃的完全不一樣  
1,蝦子不新鮮 很臭 擺盤都一個發黑的青菜葉就上來   完全沒用心  
1,菜單設計很怪，不是很淡就是很鹹，圖片中的月見飯只有聰跟蛋黃就要99元沒有醬料，當台北人潘仔！藏壽司還比較好吃。除了服務生和善完全想不到其他可取之處，奉勸沒有閒錢的人不要輕易嘗試！  
1,1.前面沒人等帶位等了5分鐘   2.帶位後還要在位置旁等清潔桌子   3.點餐前有問題要詢問等了10分鐘   4.請人加咖啡叫10次沒人理   5.環境非常的不清潔窗台旁有很多小蟲子屍體   6.餐廳內有許多蒼蠅  
1,綠豆黃還不錯吃   但我最多最多只能給他1顆星⋯⋯   因為他害我任務失敗 差點丟了工作⋯⋯   故事如後：   我老闆要到台中拜訪其他老闆，請我幫他準備台北的伴手禮，我想說老人家應該喜歡吃綠豆黃就挑了這間，當初要訂的時候有先打電話跟店員說我是要送禮的，4/5前一定要拿到，而且還一口氣訂6盒⋯⋯   結果4/3寄來的時候，包裝嚴重不良，盒子爛了，他是用塑膠袋裝的，真的很不專業，我蝦皮隨便買的日常品都用紙箱加泡泡紙裝，照片上是最嚴重的一盒，還有其他另外兩盒有壓痕，我打電話反映嚴重這盒，然後他跟我說等上班再處理（積極度在哪裡？！），而且還怪說是宅配運送的問題，不是吧大哥～去請教一下別的店家，我阿姨包裝都比你好，好歹她也都有找箱子裝避免被壓壞，不要發生事情之後就直接想推責任，是否也需要自我檢討一下？？包裝不良是事實吧！！後來他打來說要寄一個盒子給我，然後原本壞的盒子要還他⋯⋯   但是我4/3反映拿到盒子已經4/10了⋯⋯我是4/6要送禮耶！！！重點是宅配態度還很差！！臉不知道再臭幾點的！！！好像我欠他錢一樣⋯⋯   ⚠️奉勸沒有辦法到店裡自取的朋友好好想想～不然到時候悲劇不要怪我沒提醒你，然後我跟這間就緣盡於此了，畢竟沒有人想要訂個東西還提心弔膽的吧？？！而且我已經願意先打電話溝通了，不要說我沒給機會，我沒有在拿到東西的當下給1星，但顯然結果讓我很不滿意，我想你們也看的出來，重寄的盒子還是有問題，根本沒有想要改進的意思，畢竟他東西也沒說很便宜，這樣的水準我真的不能接受，就這樣，感謝觀看  
1,味道大不如前，環境髒亂，態度又差，甚至還與客人對罵...，完全不推薦  
1,昨天買了粉腸，整條沒洗，超級苦而且腸裡面還有很多像結石一樣的沙石，噁心又可怕  
1,台北吃過最難吃的韓式   食物感覺是一個煮飯新手做的   不曉得評分為什麼這麼高，讓人有點懷疑  
1,這家讓人等很久且鍋貼沒有其他家脆，是我吃過的八方中最不愛的  
1,鍋貼皮很爛/玉米湯很難喝  
1,門口違停，會有警察開單，請小心，停好車在買  
1,肉蛋飯只有肉跟蛋，80元，很貴！  
1,上面明明打24h結果沒開 去了好幾家85都這樣 那這個時間可以改嗎 不要誤導消費者 白跑一趟  
1,機器只能用百元鈔 換錢的地方卻設計在隊伍後方 排隊流程有待加強  
1,營業時間虛設，經常遲遲才開門，早早就收攤。   不知是因為換了店長還是什麼，完全沒有商業紀律的觀念  
1,收了10%服務費卻沒有那個價值   水還需要跟服務員要才有   菜單也沒有詳細介紹   拿鐵不合胃口，奶味實在是太重了   咖啡味完全被蓋住了   烤布蕾波波珍奶適合拍照   味道不行，想用鹽巴來中和甜味   卻又太過於鹹了，吃完卻還是很膩   甜點只適合拍照上傳ig當網美  
1,沒味道，一定要加很多辣才勉強入口；裝碗的台面也弄得很髒，零錢鈔票有時都會散在桌上。不如多走幾分鐘去吃阿家麵線          沒味道，一定要加很多辣才勉強入口；裝碗的檯面也弄得很髒，零錢鈔票有時都會散在桌上。不如多走幾分鐘去吃阿家麵線  
1,餛飩好吃沒話說，但老闆態度非常差。當時店內只有我一位內用客人，在不影響店家生意的情況下，我吃飽看手機坐了大概半小時，老闆看我坐了半小時大概很不開心，對我說：「小姐你滑手機也坐太久了吧。」我嚇得趕儘結帳離開。用餐經驗極度不佳，非常不推薦。  
1,東西好吃 但服務態度有待加強 會使回購意願下降   不是不能理解ㄧ個人顧店，或是上ㄧ組客人點比較多數量而忙碌   但完全不招呼其他客人… 我在門口晃來晃去完全不理 連詢問都沒有   並沒有要插隊的意思，但至少理會一下吧！  
1,吃個飯店里店員聊天三字經大聲罵來罵去   是當客人是空氣嗎？  
1,4/22週二12：00一直等到12：20鐵門都沒打開，不確定是否還有營業。  
1,跟foodpanda配合有問题          跟foodpanda配合有問題  
1,味道跟以前不一樣 上次買有附袋子 最近買給家人吃看看 變成袋子要錢 內用才有小份 現在疫情不給內用 外帶變相強迫買大？ 65元份量不多 cp值不高  
1,打餐廳專線訂位，當天到了餐廳說沒有我的訂位紀錄，我還要拿手機裡通話紀錄給店員證明我的確是撥打專線，才發現不知為何是莫名轉到萬豪的鐵板燒訂了位，沒有任何事後幫助客人的解決辦法，只說沒有位子沒有食材一直叫我去吃鐵板燒，還一直質疑是我自己打錯了電話，非常不高興一個位於五星級飯店的高級日本料理，員工訓練緊急處理事情的方法竟然是如此，非常不專業的一家餐廳，相信食物也不會用心  
1,那個負責收錢的小弟弟態度有點差，我很客氣的問能幫我加辣在裡面嗎，瞬間臉變臭了...  
1,等很久，跟本就忘了我點什麼，反應兩次都沒來！  
1,店員人很好很熱情，但完全不會幫忙安排位子。就是自顧自的事。   本身對中年男性有點陰影，獨自一人去的，不喜坐高腳椅於是坐了矮的椅子，突然一群中年大叔走進，並自動坐到了我的對面，令我感到十分不舒服，大叔們進而直接將其他桌子併過來，真的十分令人作噁。店家看到也視若無睹，裝作沒看到的樣子，也不會詢問我是否接受併桌坐。   一大早的胃口都沒有了，完全不在意顧客的用餐品質，店家只會顧及熟客，請想獨自一人去的嘗試的斟酌考慮，去了一次感受真的非常之差。不會再次二訪！  
1,不懂為什麼晚上9:54分去，店員告知我他們已經打烊⋯雖然離真正打烊時間只剩6分鐘，但明明就是10.才關門 為什麼不能接客？？ 我就這樣白跑一趟 有點失望，自己也是做飲料店的 都沒看過這種行為發生⋯  
1,老店不錯，感覺是在地人開的  
1,老闆不戴手套 直接收找錢 用清水沖一下手 抹在衣服上 然後再用手抓食物進去炸...衛生實在堪憂  
1,貴的太誇張！一片小白帶魚，寫時價……結果160，粥冷！菜冷！貴死  
1,"點了麻辣牛五花鍋, 結果完全沒有辣?   打電話去 叫我拿著外帶的再回去加辣?  "
1,  如果有負星，我會給它最大的減分。第一次在這裡用餐，完全失望！我在巴塞羅那旅行，知道什麼是正宗的西班牙美食。我們預訂了海鮮海鮮飯，結果證明這是最可悲的（我謹慎使用這個詞）的景象。米飯的量很慘淡，我們可以看到鍋底。風味不足。西葫蘆湯無味且無法辨認。至於蘑菇蒜泥蛋黃醬，汁和油是分開的……最美味的菜是橄欖、鳳尾魚和胡椒串，需要烹飪和組裝罐頭食品。男朋友說他覺得被搶劫了。一場浪漫的約會變成了胃痛和口中的酸味。      
1,"Outside it says ""Hookah 600"" and then when you go in they tell you they only have hookah for 900.   外面招牌有寫水煙600塊，進去他們說只剩下900快以上得水煙。令人不爽。  "
2,店員是外籍員工（聽口音是大陸），沒有歧視大陸人的意思。只是這家店是我遇過無法客製化的店家，其他我去過的不論是私人或連鎖早餐店，只要餐點中不想要加蛋或肉，是可以減價5-20元（蛋價5元，肉類看店家算法）。今天中午十二點多去消費，拿了餐單本想點九層塔蛋餅，因為店家是九層塔豬柳50元，我不想加豬柳，只想要九層塔的蛋餅，問店家可以減多少？櫃檯服務的外籍員工回答我就是50元沒得減！還有加點了鱈魚堡沒加蛋55，其實沒加蛋可以減價5元的。其他店家都能減，就只有這家店特別奇怪，餐單上有些餐點特別註明某些漢堡要另外加蛋要再+10元。可是我的鱈魚堡是本來就含蛋的，這樣說還是店家佔了便宜，雖然只是是5元，但是給我感覺很糟糕。還有海鮮濃湯名不符實，其實是玉米濃湯而已（也不好喝，雖然成本反映在物價，但餐名別誤導用餐的客人），小小一碗就要35元，我家這邊40元是大杯奶茶的量。雖然外籍服務人員送餐服務還可以，不過不知道是他們和台灣中文上交流有問題？還是不明白我表達的意思，雖然餐點還不錯，但之後不會想要再去消費，因為我家這邊美芝城還比它便宜又好吃，重點是可以客製化，出餐速度又快（五分鐘以內可取餐），要上門用餐的人注意我說明的。  
2,  6管適合漂流啤酒的口味。   300毫升約250   不是一個對啤酒或葡萄酒充滿熱情的地方，而只是在西曼深夜住宿的地方      
2,肉品偏普通，鯛魚有土味，蝦子新鮮，菜盤內容物種類偏少。奶茶不錯喝，冰淇淋也不錯！以價格來看就覺得差不多這樣。   但是！！！環境內部看起來雖然乾淨...但是一同用餐的友人跟我鍋裡都出現類似小果蠅的飛蟲在湯裡 還有...用餐時也有蒼蠅在飛來飛去...衛生真的有待加強啊！  
2,點鮪魚玉米蛋，不好吃，很乾，幾乎沒調味，吐司本身不熱，也沒有烤土司的香氣，但店員親切有禮  
2,這家從學生時期就有喝過，老闆的態度就跟學生時代一樣回不去了，一副愛買不買的樣子，之前還有罐裝可以外帶，現在全部都是小杯裝的。這家店完全不想賺回流客，他們的態度讓我絕對不會再來這間      Just go straight to the point. Never ever recommend. Bad attitude.  
2,抱歉，雖然是老人家在服務經營，但就事論事。你們得努力精進才能生存下去。這間大概是我在美食沙漠內湖等最久的一家店了，因為裡面有三個年紀較大的長者在做還有兩個工讀生，但能夠這麼慢也真的是奇葩了。不就點個滷肉飯跟肉羹湯這種印象中只要1分鐘就可以完成的餐點，又不用你重煮，你卻能讓我們等那麼久而且當天也一堆人在等。我們先去旁邊頂呱呱點完現炸了再去買你們的餐點卻能夠頂呱呱炸雞都炸好還變涼了，你們餐廳還沒做好？？？      再來肉羹湯真的沒什麼味道就是太白粉調味吧而且肉羹只有3.5塊是在哈囉？重點是感覺是中央工廠做出來的，再過去50公尺有一家社子排骨，他們的肉羹湯就超好吃的只可惜這一天他們沒有營業不然也不會跑來這邊買。      滷肉飯就一般般不會難吃但口味真的還好。還好就點的這兩樣免得會更氣。是第一次也是最後一次來了  
2,飯類價格略高 環境不太乾淨  
2,牛肉炒麵味道不錯，只是一直聽到廚房在罵幹x娘，聽了很沒食慾  
2,很不好喝，還排那麼多人等那麼久真的問號  
2,幾年前買一次，覺得不怎樣。   今天在給他一次機會，一樣不怎樣⋯⋯   飯太軟、配料普通，沒有特別出色的味道。   而且海苔沒有一個拉出成功的！！！   吃過其他家的海苔飯捲都沒有這樣！  
2,肉圓跟羹湯的口味普通，肉圓內餡不知道為何有酸味= =？   一顆肉圓賣45元也太貴了吧⋯⋯  
2,張學良的房間只能從外看，入園要200元門票，可換一次泡腳卷  
2,滷肉飯的優點只有量多，肉汁不香，且有碎骨頭，吃到很煩.....   我食量不小，正常來說這間店的大碗份量吃個一碗半不是問題，但吃了一碗的6成就不想吃了，不會再回訪  
2,Pizza淡而無味，沒有起司的香味，餅皮也不香脆。 個頭很小，大的Pizza看起來像中的。  
2,外觀可愛，但包裝、菜單設計和外觀有落差，份量大一定吃得飽，燒肉口味過鹹（醬油味很濃）、鮭魚口味胡椒味太重、非常微量的鮭魚混在飯中沒什麼味道，米飯感覺用的是台灣米加醋，不要期待是日式飯糰的味道，但也不是台灣傳統飯糰，是個綜合體。  
2,說實在的，因為我兒子很愛吃這邊的玉米鍋貼，但也因為這樣常常鬧得不太愉快，上次叫了20個玉米鍋貼，結果拿東西時發現是招牌鍋貼，我楞了一下，問說我叫玉米的，結果硬是要說我叫的就是招牌，我就說我從不吃招牌的怎麼可能叫錯！？但我還是忍了，想說沒必要爭執！這次叫了20個玉米鍋貼，結果騎車到半路才跟我說不夠？是..沒錯，有打電話通知我就很棒了，但..感覺很差，所以，東西是真的不錯吃啦！只是服務..真的要加油..  
2,在長庚一餐$500（兩菜 一湯 飯 甜湯）   超級不值，貴又不好吃，住到月中後比較才發現品質差很多，如果長庚醫院裡有別的選項我一定不推薦，有種當盤子的感覺      這樣$500真的很失望！  
2,營業時間明明寫到21:30   20:30去就不能內用了   也幾乎都賣完了   已經兩三次不接客了  
2,春節期間少數有開的bar   音樂比較多中文Rap   但不愛浮誇系調酒 對我來說酒的層次比較重要   這杯愛在西元前對我來說就是一杯過甜的單一調酒   椅子無法掛包包 結果放包包的籃子是用黃色台啤籃子 看起來有黑色污漬 有點髒髒的   有幫助請按有幫助  
2,用food panda叫的。味道尚可但是白飯偏硬沒水分不好吃。  
2,雞胸肉份量比外送平台的圖片少了一半，泡菜也只有一點點，附圖是已經吃掉一塊小塊的肉，上面幾乎沒泡菜，加10塊少飯多菜，也只有多幾片高麗菜  
2,等很久 比我們晚來的都已經好了 而且吃完走了 我們的還沒做…  
2,"客人多要等蠻久,且價位沒有很便宜  "
2,"咖啡沒有拉花有點可惜.....   肉桂卷也沒有加熱, 是像麵包的肉桂捲質感, 很像風乾的麵包, 如果沒有鮮奶油, 真的很乾澀．  "
2,價格上漲但義大利麵的內容卻縮水了   應該不會再來光顧了  
2,從Google的評論星星四顆心的評論上，所以才特別跑了這麼老遠的來吃晚餐。 只能說我真的是太容易踩雷了， 點的兩道菜都不盡如意。 沒事道韓式料理餐廳一定都會點海鮮煎餅， 相較之下覺得這一家的餡料非常的少， 能夠說嘴的就是煎得外酥內軟， 但是海鮮少的可憐只能吃粉也是有點不太愉快。 另外一個是部隊鍋， 沒有加上起司片感覺就是少了那麼一點點滋味， 雖然裡頭加的料還算OK， 火腿切片，洋蔥放的也很多，金針菇 還有豆腐， 湯頭也算OK， 但整體感覺起來， 雖然是吃熱呼呼的鍋 ，還是有一點點寂寞。   店家整體環境看起來非常的整潔， 放的音樂很不錯， 可促進食慾， 上菜速度也很快。  
2,里肌肉比火鍋肉片還薄，吐司比厚紙板還乾。老闆一直跟路人聊天，客人滿多的，動作也不會太慢。  
2,太期待了，整體來說就是有點太清淡了   雙醬麵吃不出有雙醬很奇妙   我是沒有確診過啦，味覺應該還沒異常   沒有其他網友推的這麼誇張   滷味真的要加油，味道偏淡⋯⋯   青菜豆腐湯也就是很分離的湯   物價跟內容物真的就是台北物價   店裡的氛圍很年代感很喜歡，就食物真的   恩⋯⋯⋯⋯想要味覺健康可以試試看  
2,飯量給的不一，有的時候還可以，有的時候給的量很少根本吃不飽  
2,1.衝著網路高評價前往一試，可惜今日8/8中午小踩雷。   2.蝦醬空心菜90%是老梗、蟹黃海鮮豆腐煲過鹹且使用泡發過的蒟蒻蝦仁、客家小炒豆干絲好吃可惜整體缺少鹹香(推鄰近大肚余小吃)，薑絲蜆湯尚可。   3.或許點其他大菜風味較佳，今日基本款菜色不合口味，如此價位使用泡發過的蒟蒻蝦仁還能有這麼高的評價，應該是我們口感有問題吧。  
2,超難吃。。。我吃过最不好的一家。煎鍋贴设油。。。酸辣湯葱很少→又设豬血，也没肉絲。。。吃滿肚気。。。。出門。。、。我吃超过25家→八方雲集→煎鍋貼竟然没放油煎，也不香，差太多了，湯料也少。。。怎這样加盟店。爛。  
2,從11點外送點來配午餐，送到的時候都已經快兩點再睡午覺了，做不來就不要接外送，接來討罵的嘛  
2,其實是失望的，不覺得有cp值很高，雖然店家已有說明用餐有分時段，但是還是感覺有在用力趕客人，最後一道水果也是上的急匆匆，食材也就是普通吧⋯⋯然後酒就是因為很趕所以沒辦法喝完，要求要免洗杯外帶竟然也沒有，況且我不懂我明明說「可否換成外帶杯我想帶走」店員卻給我大的玻璃杯？ ‍♀️整個黑人問號⋯⋯可以更好的、加油吧。  
2,Lesson1的餐盒 ，菜飯餐盒的菜很菜！   牛腩沒甚麼味道 ，雞肉偏鹹 。  
2,  價格過高的菜單和啤酒。奶酪棒和酸奶油太可怕了。搖擺不定的桌子和煩人的顧客。工作人員必須關注數量和 Covid-19 限制。黑暗的氛圍。      
2,清燉牛肉麵竟然是用肥肉片   吃到後面整碗都是油，有點噁心   花椰菜也是失敗  
2,無限供應不錯   但味道好淡 不好吃。不會再來  
2,開了一堆分店的阿二麻辣，第一次來吃，意外發現店內有冰淇淋機及飲料無限拿，點了牛肉麻辣鍋，看起來份量十足，但肉其實給的不多，火鍋料居多，店內內用規定每人低消150，且不能使用總價計算，因此每個人都強迫要點到至少一鍋才行，雖然理解低消規定，但總價超過卻還是要強硬規定每個人低消分開計算，這種賺錢法可能會讓此店無法長久經營，以顧客的角度思考就會產生抗拒，因為一團人一起去吃總會有幾個小鳥胃無法自己吃完一鍋的人，這樣只能硬是自己點一鍋再拜託別人幫忙多吃一點，以後來此消費還要確定每人都很餓。  
2,味道還不錯，分量實在太差了一些。   110元的鹹酥雞竟然只有圖中這樣  
2,感覺變貴肉也變超薄，數量也變少，菜盤也減量，但是值得提鮮美，就是高級貴的臭臭鍋，吃了幾年，現在同價位可以有更好的選擇~  
2,下雨天去買水餃，內廚兇的狠，應該是老闆哪類的，對外送員態度很差，說外送員的雨衣害地上溼答答，說以後叫外送員外面等，一半以上是外送生意，沒外送員你們生意會好嗎?  
2,鹹的離譜，很像把調味料整罐倒下去的鹹度，不知道是原本就這麼重口味還是店員失手  
2,完全沒有麻油雞的味道，雞肉是火鍋肉片，肉片有點硬，麻油有苦味，不會再來了！  
2,紅茶沒什麼味道，杏仁凍味道有點化工  
2,一般韓式家庭料理，價位平實也可吃很飽。  
2,看到店長對於批評算理性，只能說加油，麵感覺不夠入味，且太多斷麵，無法好好捲麵起來吃  
2,價位不貴，但口味對我來說真的還好。   還是比較喜歡無名油飯。  
2,小豬窩拼盤   附一杯美式 要價$195   圖的咖啡不是美式 我選擇換其他種咖啡 可折抵50元   這份量跟一杯美式這樣要價195 嗯…   味道跟份量都令人不太滿意   咖啡味也沒有該有的香味      店內會有點油煙味 不是很舒服的味道   坐一坐感到很不舒服      有wifi可以用 有點慢就是了      我可以體諒做生意不容易   房租很貴 (這裏前一個店家也是做不下去才走的)   不過這品質…請加油  
2,酒不錯，餐點偏貴。明明講話正常音量卻還是被點名說：「小姐講話小聲點」，整間店最破壞氣氛的就是老闆娘吧。然後吧檯位有幾個是正對煮食物的地方，小心身上會有油煙味囉。  
2,服務態度不是很好   蛋餅不是很好吃   價格:   饅頭夾蛋27   蛋餅22   鹹豆漿28   飯糰夾蛋47  
3,結帳的金額記得要自己再算一下喔，加點的沒上，不告知櫃枱，錢會算進去。（例如加點一碗白飯，可能白飯也是現做吧，重口味的宮保雞丁和水煮牛都吃完10分鍾了，到結帳前都沒有白飯的踪影）  
3,麵條不錯吃，湯頭應該算是清燉，也好喝   但牛肉咬不太動...口感也沒很好   沒分大小碗，一碗180元   個人不太推薦  
3,便當還可以   炒麵份量十足   這佛心價格就是吃粗飽的   還沒中午12點已經有排隊人潮  
3,一般飲料店，說不上有特色  
3,  台灣拉麵餐廳位於非常乾淨而優雅的美食廣場。   Google繼續說這是一家日本拉麵店，但我認為如果是日本人，那將非常危險。番茄基於台灣口味。起初，我以為它會像番茄意大利面，但它有獨特的味道。   您還可以調整麵條的數量和類型。我吃了最受歡迎的奶酪拉麵和雞蛋拉麵   區別在於麵條很細，而韓國麵條卻耐嚼。   如果您非常了解日本拉麵，或者您喜歡拉麵，則可能想嘗試一下這樣的拉麵來嘗試一下。      
3,午餐時間好像來不及上菜，不過東西還是很好吃  
3,營業時間不到11點就會開始準備打烊。   餐點選擇多，很多自創菜單。   但口味相較之下沒有附近其他間穩定。   （奶茶調味時好時壞）  
3,我們是吃666吃到飽.不知道是否是因為是吃到飽.第一輪點菜時服務人員建議不要點太多.先點一些吃完再點.我們很欣然的接受了.但是等要再點時 貴店一位胖胖臉超臭小姐，東西送來時臉就超臭.然後我們告知要再點餐時她理都不理 裝沒聽到.就算我們跟她道謝 她也是臭臉.彷彿我們欠她蠻多錢的.希望貴店能注意一下.服務態度真的很不好.再說有一道芋頭紫米粥是酸掉了.服務人員收走後.就沒下文了.湯圓怎麼會沒有半點Q度呢?茶水沒了請服務人員添加.直到我們離開那空的茶壼還是在桌上沒人來．在網上看到很多人誇．不理解是只有貴店是這樣的嗎？  
3,老闆好像有點不愛賺錢，2次去買都撲空了  
3,肉骨茶蝦仁水餃：100，只有八顆水餃+肉骨茶湯，湯有點死鹹。蝦仁水餃雖滿大顆餡卻不飽滿，餡主要是高麗菜和一個蝦仁。   燙青菜：35，竟然是高麗菜。非常不推薦。      整體而言此店cp值低。  
3,看評比來，菜色沒有想像的好，精力湯也是加很多水，紅蘿蔔居多  
3,  三文魚很好，燉飯還可以。不值380nt的價格。      
3,味道不夠 有次吃碗都沒有洗乾淨   不知道是因為生意太好還是什麼原因  
3,食物普通但是等超超超級久的  
3,生意蠻好的一間店 產品的品項非常多 我一開始以為是熱炒店，有點看不出來， 看起來炒類好像也是店裡專賣的，滿多人點炒飯類，紅燒跟一般的比較不同，吃起來比較像清燉加醬油，清燉的還可以滿爽口的，肉很多，但總體口味比較鹹   #口味因人而異，不能以此為標準，還是要感謝廚師的辛勞  
3,愛吃義麵的朋友，要啥口味，老闆都弄的出來，價位約90~130左右  
3,烤雞味道不錯也滿鮮嫩多汁的   但就是那個速度跟時間真的傻眼   前一天預定 結果還是晚一個小時才上菜   店內也沒坐滿   味道都沒問題但就是上菜速度真的不行   要吃的建議要抓一下時間  
3,人員親切 食物也好吃   但應該放了很多味精 吃完不到十分鐘 身體有強烈的不舒服味精反應  
3,當天點了三種不同調酒都因為沒有部分材料無法提供   菜單有多種語言，很方便  
3,地點沒很理想…餐點份量不多…服務氣氛很好…  
3,用餐環境輕鬆，適合聊天的場所  
3,味道不錯 只是不夠麻 大張桌子在疫情下不很合適  
3,在陽明醫院，石頭公旁的素食店  
3,用ubereats點的，到餐速度滿地快的，榛心可可歐蕾還不錯，但冷萃咖啡的味道苦味滿重的，最近剛開幕優惠蠻多的。  
3,涼麵跟味增湯都還可以，只是中午都好多人  
3,餛飩，還可以！   麻醬麵，也不錯！   小菜，口味一般般！   酢醬麵，沒有眷村味！  
3,早午餐很大份很飽，但餐點內容普通，單點加飲料要400多不便宜，飲料普通，整體最有特色就是裝潢跟容器杯子吧～拍拍照還不錯但想吃美食就不會特別想回訪  
3,價錢合理   炎熱天氣，吃完恐就一身汗。  
3,這週連去3天都沒看到 ? 請問是搬至何處了呢 ? 素食難得有餐車可以選菜又比自助餐便宜啊 !!!  
3,雞排 $80 可切，雖然皮扁但算酥，而且份量也不算少，不排斥皮薄的雞排的人可以來試試  
3,三合一湯很喜歡！甜不辣醬有點怪  
3,有點小，但不影響餐廳想給客人的貝多芬生日感覺   不過，用餐環境如果人多一些，就會顯得吵一點   還有，在回收區其實很不清楚，因為在裡面有冷凍的千層麵，我都不知道要放哪裡  
3,餐點多樣化，口味差強，㕑房煙味會外瞟。  
3,已這價位來說，菜給的偏少，男生不建議，會吃不飽，可以多省個40快吃前面一點的鰻屋，菜一樣多。不過也要看點菜員工有個滿小氣的東西都給很少，還少給海苔。遇到好一點的才會有符合價位的量出現。  
3,日式咖哩專賣店，好吃但價格稍貴。  
3,有點年紀的女店員態度不是很好。花生泡泡冰好吃。  
3,"在附近上班，第一次嘗試特餐100。價格中規中矩但份量和其他路邊餐盒比起稍嫌不足。尤其沒有綠色蔬菜、用簡單原型食物(水煮紅蘿蔔, 豆芽菜)無做任何搭配加少許調味實為單調。會比較讓人感覺全以成本考量。   肉質烹調可圈可點但一樣份量較少。   吃完一小時半開始餓的午餐…  "
3,溫馨，客人水準佳，老板夫婦二人待人親切，尤其晚餐許多人幕名而來          溫馨，客人水準佳，老闆夫婦二人待人親切，尤其晚餐許多人幕名而來  
3,鵝肉不錯，但多人點菜比較划算。  
3,"衝著朝聖電影場景的心理來,室內裝修與氛圍不錯,就是位子擠了一點,人一多變的非常吵雜,建議平常日再來  "
3,250火烤兩吃吃到飽   食材選擇不多，環境與服務都普通  
3,覺得味道還好，價格偏高，沒其他選擇可偶爾食之  
3,應該是 經過沒買，停留比較久  
3,好吃，價格小貴，天龍人還能接受  
3,雞腿好吃，但飯都黏在紙盒上，配菜裝一起也都混成一個味道，建議換包裝盒讓餐點更美味  
3,  半島在台灣提供招牌蛋羹月餅。店員告訴我們，我們可以預先訂購月餅，然後在月亮節前採摘蛋糕。它不便宜，但它確實是百勝。      
3,價位越來越高了....隨便點基本上都上萬  
3,麵包，三明治都做的不錯，價位稍高，但有優惠活動，可以適當時購買  
3,有個性的咖啡專賣店- 從豆到專業咖啡用具到餐點，有點貴但還算好吃！  
3,很好吃 但每次外送都要等超久（卡在店家）   不懂為什麼會如此緩慢  
4,手工涼粉撒上香甜的古早味麵茶 入口清涼又有麵茶的甜味 在炎熱的天氣 來一杯蠻消暑的  
4,服務親切.餐點好吃環境很棒.還有現場演唱.約會的好去處  
4,冰糕好吃且口感特別、冰滴咖啡也順口   但聽到一兩次男店員斥責女店員的聲音，感覺真的不是很舒服⋯⋯  
4,具有投影設備，空間寬闊，適合辦活動。   有沙發椅，朋友可來這裡聊是非、放鬆、看書都很適合。   如想要用電腦也有適合使用的桌椅高度，有插座可使用。   店員服務很好，人又美⋯哈哈  
4,吃了20年的店，一定要點招牌雙併，從125元吃到現在180 元了！  
4,字裡行間找不到太多品牌故事的足跡，但「空服員」這三個字便足以讓人遐想並投射- 當疫情下無法高飛，來份空服員的甜點也滿足。強調法國麵粉和頂級原料，蛋糕極有賣相和女孩們簇集的地下街專櫃前，幫家人帶了六種口味的切片蛋糕作慶生用，不論芋香、黑芝麻、抹茶，不甜膩又能將口味突顯層層堆至舌尖，松露黑巧克力和香柚伯爵茶戚風給人有質感的甜蜜滿足，每片單價$120起~最貴是$195/當季草莓卡士達捲，產品線除了蛋糕也作彌月禮盒類的小點心，整抹蛋糕6吋約$680起跳看口味，訂價不會太高是很好入手、送人也大方滿意的選擇。  
4,早午餐品項多，不僅吃得飽，而且也美味，推薦在地覓食的好所在。  
4,店裡火鍋用料實在！用料不偷好吃！建議平日吃比較划算！餐後甜點很用心好吃，尤其咖啡更是好喝！總體而言CP值算不錯！  
4,湯頭清爽、米粉彈牙，大量油蔥酥難得不喧賓奪主，鋼碗裝盛乾淨環保。   豆腐軟嫩入味，腮邊肉和著嫩薑絲吃口感佳。   合乎排隊名店的水準。  
4,米飯很香 上菜速度快 蝦醬味道稍嫌不夠  
4,鍋貼，水煎包，蔥油餅都好吃  
4,特別的家庭式感受，媽媽的味道。讚  
4,用心！飯香好吃烤鵝很入味燒肉也好吃！  
4,"溫馨佈置的場地，和友人相聚聊天感覺蠻舒適的，餐點也可口,是在附近石牌市場,想找一個聊天餐敍不錯的選擇  "
4,地點在巷子裡面有點難找，店內裝潢很有特色，古色古香燈光美氣氛佳，很適合拍照。   但是要求滿嚴格的，當天為店內第一組客人，當時無其他顧客用餐，但老闆還是說不能使用相機照相是比較令人疑惑的。  
4,麵線傳統有味，金鉤蝦辣醬讚  
4,價格實在，食物豐富美味，可惜座位稍擠，適合快餐族  
4,老闆娘真的很友善，鍋的份量也夠，食量大的更不用擔心，他白飯讓你吃到飽，這樣的價格還包含小米冰淇淋和飲料，超實惠。  
4,我做的是相片蛋糕 整體真的很好看 大受朋友好評   但有吃蛋糕的分享 覺得蛋糕本體味道普普   造型可以給100分 但味道就還好了  
4,價格跟知名燒臘差不多，份量卻差很多，是很適合嬰兒吃的份量。   不過他的燒肉飯真的蠻好吃的。      要吃鴨可以選附近的香港燒臘。  
4,調味還不錯的健康餐盒，有時候黑板上會有特價的  
4,二樓座位不多，但有幾個靠牆的位置有插座，整體環境還算不錯。  
4,還不錯吃，有點小貴，辣肉包好吃，整體不錯  
4,乾麵是好吃的油麵，小吃也很經濟實惠，肉羹湯不錯喝  
4,肉圓軟嫩皮薄好吃，但醬太鹹、辣醬也普通   紅豆黑米湯不甜，好吃。   內有販賣生紅豆和生黑米（不是黑糯米）  
4,因為迷路經過而看到這家巷內小店，看到汕頭面突然很想吃   單價真的好便宜，超級感動！  
4,沒說到好吃，但比起吃過更難吃的好  
4,好喝，12月8號到10號有買一送一  
4,  味道不錯，晚上吃飯的好地方      
4,尖峰時段去要有等很久的心理準備..  
4,提拉米蘇好喝，類似巧克力冰沙加鮮奶油  
4,中規中矩的拉麵，不差但也不需要特地來吃或是排隊，也沒有特別便宜，真的要想玩排隊拉麵，內湖還有其他選項   另外西湖市場傳說拉麵不是這家，是已經搬走的豚骨屋，不要再亂講  
4,店面有點擁擠，小菜好像不能續。   其餘菜色都尚可不差。  
4,好吃的咖哩，附贈的茶飲也好喝。   二訪，格格喜歡。  
4,米粉湯湯頭濃郁，小菜皆好吃，價格親民          米粉湯湯頭濃鬱，小菜皆好吃，價格親民  
4,麵條普通，肉好吃 湯底沒有想像中的膩  
4,從小就看過汕頭意麵扛棒，可是從未吃過，剛好過來中華路這一帶，好奇之下嚐試，覺得麵條很Q彈，屬於口味較清淡的乾麵，可惜湯品較弱，店家友善親切，營業時間大約到PM8:00左右  
4,用餐環境很不錯，適合與兩三位朋友聚餐，餐點價位也十分漂亮，份量很足，前菜的湯品與麵包很美味，但就主餐的義大利麵口味略重，且裝潢有點舊，只要有人走過木製架高地板，地面就會震動，有點影響用餐心情。  
4,  （沒有日文菜單，但可以隨便說，不會中文也沒關係。） 可以喝台灣咖啡的店。   從各個產地收集的咖啡豆和咖啡經過精心設計，即使一個人也可以隨意飲用。   可以在店內喝酒，店內時尚、沉穩、舒適。      在台灣喝茶的時候還有一套茶點，可以選擇多種，   有點貴，但他們以時尚的方式供應台灣咖啡和台灣甜點，   厭倦了去茶館的人，   茶是一個很高的障礙，但對於想要從咖啡中習慣它的人來說，它是完美的。   這是一個你可以坐在商店的任何地方的地方，你會想和朋友一起來或一個人來。      店主還很年輕，但他很容易交談，並且很好地解釋了咖啡。   服務和實際的咖啡都很棒。   我覺得值得去。   雖然沒有日式菜單，   用標記等很容易理解，你可以很容易地問店員。      
4,咖哩炒飯有點螢光黃 泰奶不錯 炒板條還好  
4,餐點好吃健康，服務態度佳，洗手間在一樓，價格偏高。  
4,乾淨，味道令人驚豔。初次嘗試後，以一週一次的頻率帶家人去吃。  
4,雖然每天咖啡品質不太穩定，好喝的比例大概七成，還算可以  
4,薯條好吃   長島冰茶的酒精濃度可以在濃一點  
4,好吃，味道獨特。當地人可以嘗試。   口感酥酥的鍋貼很好吃，沾著特色辣油，搭配油豆腐湯令人滿足。  
4,吃平價牛排的好地方，座位很多，但假日絕對會爆滿，需要等候。  
4,超級貴~不過披薩真的很好吃  
4,服務不錯。很久沒來了，這邊有新的餐點耶  
4,2022.11.10   便宜又好吃，份量也很足，吃完後不會口乾舌燥。   可以看到老闆在沒客人時親手做麵疙瘩的過程。   位置如果是在夏天或暖冬，會稍嫌太熱。  
4,粉圓豆花   粉圓很Q豆花很綿密，個人蠻喜歡這種粉圓，建議一定要加冰，如果沒加冰的話還蠻甜的，晚上蠻多人排隊，不過換桌率蠻快的。  
5,服務好 食物不錯 川味有調整  
5,得到了一個美好的晚餐時光   服務人員很用心的對待每一個客人   餐點也很用心  
5,自助吧很豐富汽水機、咖啡機、兩種吐司、冰淇淋、爆米花還有兩種湯  
5,Cp值高～～   1000+10%可以吃到無菜單   料理不隨便 有用心的細節，食材新鮮   老闆人很好   而且 訂位不用留電話   當天吃飯時 因為有預約客所以拒絕了路過客   結果到最後3組預約客人放鳥   老闆卻笑笑的說沒關係 （人太好了吧！      不給五星不行餒   會再回訪  
5,跟老闆買第二次了！價錢合理，醬料味道也很香！還會送蔬菜，這麼佛心的滷味店哪裡找～～～老闆人也很親切  
5,食材新鮮水準高，餐點精緻用心都很好吃，整體的用餐體驗極佳非常推薦  
5,店員親切有耐心   店長都會記得常來客人的喜好和習慣，超nice  
5,全台北最難訂到位子的鐵板燒餐廳   超喜歡鴨肝飯   難得來吃是一定要加購的  
5,餐點不錯吃，店內氣氛佳，咖啡有咖啡卡，可以更瞭解喝的咖啡是什麼風味。  
5,還有好吃的年菜“紅燒蹄膀”預定有優惠呦!  
5,餐點還不錯，態度親切有禮  
5,  店主感覺良好，乾淨安全。   很多人把它帶回家，但是如果你在商店前的桌子上吃飯   我擔心我在台灣會帶來啤酒。   有點舒服。      
5,好吃的古早味陽春麵，超級便宜的啦  
5,燒餅採用炭火烘烤非電烤箱，無法一次大量產出，但不油膩很爽口的燒餅，不論夾油條或蛋都很讚，且價格實惠，難怪常常是排長隊伍。  
5,✮﻿   ﻿   繼續解鎖肉桂清單✨﻿   某天剛好同事要訂這家咖啡索性也來顆捲 ﻿   ﻿   核桃肉桂捲 $132 ( 費用)﻿   肉桂捲塊頭滿大顆的 味道聞起來也很濃郁 ﻿   上方乳酪醬不會太甜 糖霜也有些許的酥脆感﻿   味道來說算是個溫柔派的甜心小姐肉桂捲﻿   麵團吃起來覺得比較乾 也許是沒當下吃的關係﻿  
5,  很棒的咖啡和優越的地理位置 - 我喜歡拉上我的助力車並喝杯咖啡。從來沒有真正進入過裡面，很想在某個時候檢查一下！      
5,點了青椒肉絲炒飯+空青菜炒肉絲，很美味。下次一定再光顧。  
5,老饕牛排肉質有點硬，小孩咬不動，其他牛排很好吃，有餐前麵包和玉米濃湯、紅茶好喝～～～  
5,主廚手藝超好又直爽，每次吃完隔一天就超懷念  
5,松仁店的飲料就是特別好喝！   不知道為何？      每次在這買一杯！   神不知鬼不覺就喝下肚了！  
5,燒餅蛋 水煎包 米漿 豆漿 必點  
5,咖喱好吃，炸雞也好吃   套餐附的配菜跟飲料很有誠意不隨便，   服務生態度很客氣，   如果在台北車站二樓晃很久不知道要選擇哪一家，   新高軒算是好選擇  
5,老闆很親切喔！   用餐環境也乾淨，料理也不錯！   值得推薦   哇...........   佛跳牆，佛跳牆，真的佛跳牆了啦！   好吃沒話說了！大推..大推......  
5,用餐環境乾淨整潔，食物味道好，價格平價，推薦  
5,"CP值不錯, 簡餐蠻好吃, 有付烏梅汁和小甜點。  "
5,士東市場生意興隆的一家小吃店，老闆娘記憶力超好，上菜的順序與速度快又正確   服務人員態度佳並親切   是天母地區有名的麵攤之一  
5,服務態度很好、環境舒適不擁擠   假日早上來杯熱茶最適合了  
5,環境很幽靜，   餐點很好吃，   Nick服務很棒！  
5,偶爾想到還是會特別走過去買來當午餐。一次買個20顆，好過癮。  
5,能開那麼久就證明一切了  
5,買美牛必去地點，海鮮類也很不賴  
5,氛圍，味道，食材都一等一，讓用餐的人不用遠赴日本也可以吃到日本美味！  
5,超大碗⋯真的超大 在這一代能有這樣價格漂亮 大碗又好吃的麻辣鴨血真的太爽了  
5,服務人員親切，菜色多樣化，米飯有3種，都很好吃哦！  
5,服務讚 會陪聊天哦   老闆人很好又年輕  
5,炸雞腿飯和3樣配菜，不油膩，附湯，如果有路過可以一嚐  
5,咖喱的香料味非常重，不喜歡香料的人可能不太適合，牛頰肉非常軟嫩好吃，炸豬排也不錯，咖喱飯都可以客製不要蔬菜和香菜，也可調整飯量。甜點布丁非常優秀，會考慮特別買一盒布丁  
5,大花香腸不只口味多，香腸都是每天新鮮現灌   客制化搭配想怎樣吃自己選，最多一次能選兩種口味組合   老闆說「FOR FREE」!! 你沒看錯，加料不加價   除了香腸之外還有巨無霸古早味米腸、肉串等多種食材   喜歡木炭燒肉香氣的朋友，銅板價就能輕鬆品嘗   除了香腸令人喜愛之外，米腸也跟外面吃到的完全不同   加入店家特製炒酸菜，不止口感更加濕潤，香氣也大加分   肉串有牛肉、豬肉可以挑選，還有蔬菜串等多種串燒   喜歡吃辣的朋友，一定要試試店家特調的辣醬，超夠味  
5,雞翅略焦，其他都很美味，值得再訪  
5,"One of the best fine dining experience in 2022! 從來沒想到 vegetarian food 可以變成這樣, so cool!  "
5,很喜歡喝黑糖拿鐵配闆娘的笑容  
5,炸豬排丼大份又便宜好吃還附贈湯，CP值超級高。  
5,小寶啦，好玩的店，燈光美氣氛佳，還有機台可以玩  
5,好吃料多實在的漢堡三明治早餐  
5,很平價的義大利麵   我個人每次都是點焗烤   很推薦可以吃看看   焗烤滿大片吃得很滿足   其他商品我就不知道了  
5,紅豆鍋餅好好吃，每次都會點  
5,➕60元套餐 有檸檬紅茶、麵包、藍莓沙拉、湯   很划算 CP高   燉飯好吃，榴蓮比薩也會推  
5,"好久好久沒吃到阿伯的臭豆腐/豆花了, 好想念, 好想吃~~      （更新）2022/11/08有出來了  "
5,餐點用料實在且價格相當划算，想輕鬆解決一餐的好選擇。  
5,中餐豐富健康，但是要留時間給老闆煮。  
